/*M!999999\- enable the sandbox mode */ 
-- MariaDB dump 10.19-11.5.2-MariaDB, for osx10.19 (arm64)
--
-- Host: localhost    Database: haksikmoji_db
-- ------------------------------------------------------
-- Server version	11.5.2-MariaDB

/*!40101 SET @OLD_CHARACTER_SET_CLIENT=@@CHARACTER_SET_CLIENT */;
/*!40101 SET @OLD_CHARACTER_SET_RESULTS=@@CHARACTER_SET_RESULTS */;
/*!40101 SET @OLD_COLLATION_CONNECTION=@@COLLATION_CONNECTION */;
/*!40101 SET NAMES utf8mb4 */;
/*!40103 SET @OLD_TIME_ZONE=@@TIME_ZONE */;
/*!40103 SET TIME_ZONE='+00:00' */;
/*!40014 SET @OLD_UNIQUE_CHECKS=@@UNIQUE_CHECKS, UNIQUE_CHECKS=0 */;
/*!40014 SET @OLD_FOREIGN_KEY_CHECKS=@@FOREIGN_KEY_CHECKS, FOREIGN_KEY_CHECKS=0 */;
/*!40101 SET @OLD_SQL_MODE=@@SQL_MODE, SQL_MODE='NO_AUTO_VALUE_ON_ZERO' */;
/*M!100616 SET @OLD_NOTE_VERBOSITY=@@NOTE_VERBOSITY, NOTE_VERBOSITY=0 */;

--
-- Table structure for table `cafeteria`
--

DROP TABLE IF EXISTS `cafeteria`;
/*!40101 SET @saved_cs_client     = @@character_set_client */;
/*!40101 SET character_set_client = utf8 */;
CREATE TABLE `cafeteria` (
  `id` int(11) NOT NULL AUTO_INCREMENT,
  `name` varchar(100) NOT NULL,
  `school_id` int(11) NOT NULL,
  PRIMARY KEY (`id`),
  KEY `school_id` (`school_id`),
  CONSTRAINT `cafeteria_ibfk_1` FOREIGN KEY (`school_id`) REFERENCES `school` (`id`)
) ENGINE=InnoDB AUTO_INCREMENT=3 DEFAULT CHARSET=utf8mb4 COLLATE=utf8mb4_general_ci;
/*!40101 SET character_set_client = @saved_cs_client */;

--
-- Dumping data for table `cafeteria`
--

LOCK TABLES `cafeteria` WRITE;
/*!40000 ALTER TABLE `cafeteria` DISABLE KEYS */;
INSERT INTO `cafeteria` VALUES
(1,'카페테리아 현',1),
(2,'BNC 백반',1);
/*!40000 ALTER TABLE `cafeteria` ENABLE KEYS */;
UNLOCK TABLES;

--
-- Table structure for table `cafeteria_menu`
--

DROP TABLE IF EXISTS `cafeteria_menu`;
/*!40101 SET @saved_cs_client     = @@character_set_client */;
/*!40101 SET character_set_client = utf8 */;
CREATE TABLE `cafeteria_menu` (
  `id` int(11) NOT NULL AUTO_INCREMENT,
  `cafeteria_id` int(11) NOT NULL,
  `day_id` int(11) NOT NULL,
  `menu_id` int(11) NOT NULL,
  `meal_id` int(11) NOT NULL,
  PRIMARY KEY (`id`),
  KEY `cafeteria_id` (`cafeteria_id`),
  KEY `day_id` (`day_id`),
  KEY `menu_id` (`menu_id`),
  KEY `fk_meal_type` (`meal_id`),
  CONSTRAINT `cafeteria_menu_ibfk_1` FOREIGN KEY (`cafeteria_id`) REFERENCES `cafeteria` (`id`),
  CONSTRAINT `cafeteria_menu_ibfk_2` FOREIGN KEY (`day_id`) REFERENCES `day_of_week` (`id`),
  CONSTRAINT `cafeteria_menu_ibfk_3` FOREIGN KEY (`menu_id`) REFERENCES `haksik_menu` (`id`),
  CONSTRAINT `fk_meal_type` FOREIGN KEY (`meal_id`) REFERENCES `meal_type` (`id`)
) ENGINE=InnoDB AUTO_INCREMENT=441 DEFAULT CHARSET=utf8mb4 COLLATE=utf8mb4_general_ci;
/*!40101 SET character_set_client = @saved_cs_client */;

--
-- Dumping data for table `cafeteria_menu`
--

LOCK TABLES `cafeteria_menu` WRITE;
/*!40000 ALTER TABLE `cafeteria_menu` DISABLE KEYS */;
INSERT INTO `cafeteria_menu` VALUES
(1,1,1,1,1),
(2,1,1,2,1),
(3,1,1,3,1),
(4,1,1,4,1),
(5,1,1,5,1),
(6,1,1,6,1),
(7,1,2,7,1),
(8,1,2,8,1),
(9,1,2,9,1),
(10,1,2,10,1),
(11,1,2,11,1),
(12,1,2,12,1),
(13,1,3,13,1),
(14,1,3,14,1),
(15,1,3,15,1),
(16,1,3,16,1),
(17,1,3,17,1),
(18,1,3,18,1),
(19,1,4,19,1),
(20,1,4,20,1),
(21,1,4,21,1),
(22,1,4,22,1),
(23,1,4,23,1),
(24,1,4,24,1),
(25,1,5,25,1),
(26,1,5,26,1),
(27,1,5,27,1),
(28,1,5,28,1),
(29,1,5,29,1),
(30,1,5,30,1),
(31,1,1,31,2),
(32,1,1,32,2),
(33,1,1,33,2),
(34,1,1,34,2),
(35,1,1,35,2),
(36,1,1,36,2),
(37,1,2,37,2),
(38,1,2,38,2),
(39,1,2,39,2),
(40,1,2,40,2),
(41,1,2,41,2),
(42,1,2,42,2),
(43,1,3,43,2),
(44,1,3,44,2),
(45,1,3,45,2),
(46,1,3,46,2),
(47,1,3,47,2),
(48,1,3,48,2),
(49,1,4,49,2),
(50,1,4,50,2),
(51,1,4,51,2),
(52,1,4,52,2),
(53,1,4,53,2),
(54,1,4,54,2),
(55,1,5,55,2),
(56,1,5,56,2),
(57,1,5,57,2),
(58,1,5,58,2),
(59,1,5,59,2),
(60,1,5,60,2);
/*!40000 ALTER TABLE `cafeteria_menu` ENABLE KEYS */;
UNLOCK TABLES;

--
-- Table structure for table `category`
--

DROP TABLE IF EXISTS `category`;
/*!40101 SET @saved_cs_client     = @@character_set_client */;
/*!40101 SET character_set_client = utf8 */;
CREATE TABLE `category` (
  `id` int(11) NOT NULL AUTO_INCREMENT,
  `main_category` varchar(50) NOT NULL,
  `sub_category` varchar(50) DEFAULT NULL,
  PRIMARY KEY (`id`)
) ENGINE=InnoDB AUTO_INCREMENT=9 DEFAULT CHARSET=utf8mb4 COLLATE=utf8mb4_general_ci;
/*!40101 SET character_set_client = @saved_cs_client */;

--
-- Dumping data for table `category`
--

LOCK TABLES `category` WRITE;
/*!40000 ALTER TABLE `category` DISABLE KEYS */;
INSERT INTO `category` VALUES
(1,'음식점',NULL),
(2,'카페',NULL),
(3,'편의점',NULL),
(4,'편의시설','기념품'),
(5,'편의시설','문구'),
(6,'편의시설','잡화'),
(7,'편의시설','은행'),
(8,'편의시설','기타');
/*!40000 ALTER TABLE `category` ENABLE KEYS */;
UNLOCK TABLES;

--
-- Table structure for table `day_of_week`
--

DROP TABLE IF EXISTS `day_of_week`;
/*!40101 SET @saved_cs_client     = @@character_set_client */;
/*!40101 SET character_set_client = utf8 */;
CREATE TABLE `day_of_week` (
  `id` int(11) NOT NULL AUTO_INCREMENT,
  `name` enum('MON','TUE','WED','THU','FRI','SAT','SUN') NOT NULL,
  PRIMARY KEY (`id`)
) ENGINE=InnoDB AUTO_INCREMENT=8 DEFAULT CHARSET=utf8mb4 COLLATE=utf8mb4_general_ci;
/*!40101 SET character_set_client = @saved_cs_client */;

--
-- Dumping data for table `day_of_week`
--

LOCK TABLES `day_of_week` WRITE;
/*!40000 ALTER TABLE `day_of_week` DISABLE KEYS */;
INSERT INTO `day_of_week` VALUES
(1,'MON'),
(2,'TUE'),
(3,'WED'),
(4,'THU'),
(5,'FRI'),
(6,'SAT'),
(7,'SUN');
/*!40000 ALTER TABLE `day_of_week` ENABLE KEYS */;
UNLOCK TABLES;

--
-- Table structure for table `haksik_menu`
--

DROP TABLE IF EXISTS `haksik_menu`;
/*!40101 SET @saved_cs_client     = @@character_set_client */;
/*!40101 SET character_set_client = utf8 */;
CREATE TABLE `haksik_menu` (
  `id` int(11) NOT NULL AUTO_INCREMENT,
  `name` varchar(200) DEFAULT NULL,
  PRIMARY KEY (`id`)
) ENGINE=InnoDB AUTO_INCREMENT=107 DEFAULT CHARSET=utf8mb4 COLLATE=utf8mb4_general_ci;
/*!40101 SET character_set_client = @saved_cs_client */;

--
-- Dumping data for table `haksik_menu`
--

LOCK TABLES `haksik_menu` WRITE;
/*!40000 ALTER TABLE `haksik_menu` DISABLE KEYS */;
INSERT INTO `haksik_menu` VALUES
(1,'마제소바'),
(2,'된장찌개'),
(3,'돈가스카레'),
(4,'새우볶음밥'),
(5,'치킨마요'),
(6,'비빔국수'),
(7,'후랑크갈릭볶음밥'),
(8,'순두부찌개'),
(9,''),
(10,'해물파전'),
(11,'돼지불고기'),
(12,'닭고기커리'),
(13,'닭개장'),
(14,'갈비탕'),
(15,'콩나물국밥'),
(16,'치즈돈가스'),
(17,'김치라면'),
(18,'제육쌈밥'),
(19,'해물우동'),
(20,''),
(21,'미트볼스파게티'),
(22,'불닭볶음면'),
(23,''),
(24,'차돌박이된장찌개'),
(25,''),
(26,''),
(27,'초밥'),
(28,''),
(29,'짜장면'),
(30,'김밥'),
(31,'참치마요'),
(32,'사골우거지해장국'),
(33,'청국장찌개'),
(34,'소불고기덮밥'),
(35,'가츠동'),
(36,'마제소바'),
(37,'제육덮밥'),
(38,'참치마요'),
(39,'비지찌개'),
(40,'소고기무국'),
(41,'고추참치마요덮밥'),
(42,'후랑크갈릭볶음밥'),
(43,'메뉴 수정 1'),
(44,'닭개장'),
(45,'참치마요'),
(46,'2'),
(47,'김치찌개'),
(48,''),
(49,'수정메뉴1'),
(50,'추가메뉴1'),
(51,''),
(52,''),
(53,'짬뽕'),
(54,'해물우동'),
(55,''),
(56,'메뉴 삭제1'),
(57,'갈비찜'),
(58,''),
(59,''),
(60,'진우덮밥');
/*!40000 ALTER TABLE `haksik_menu` ENABLE KEYS */;
UNLOCK TABLES;

--
-- Table structure for table `meal_type`
--

DROP TABLE IF EXISTS `meal_type`;
/*!40101 SET @saved_cs_client     = @@character_set_client */;
/*!40101 SET character_set_client = utf8 */;
CREATE TABLE `meal_type` (
  `id` int(11) NOT NULL AUTO_INCREMENT,
  `type` enum('breakfast','lunch') NOT NULL,
  PRIMARY KEY (`id`)
) ENGINE=InnoDB AUTO_INCREMENT=3 DEFAULT CHARSET=utf8mb4 COLLATE=utf8mb4_general_ci;
/*!40101 SET character_set_client = @saved_cs_client */;

--
-- Dumping data for table `meal_type`
--

LOCK TABLES `meal_type` WRITE;
/*!40000 ALTER TABLE `meal_type` DISABLE KEYS */;
INSERT INTO `meal_type` VALUES
(1,'breakfast'),
(2,'lunch');
/*!40000 ALTER TABLE `meal_type` ENABLE KEYS */;
UNLOCK TABLES;

--
-- Table structure for table `menu`
--

DROP TABLE IF EXISTS `menu`;
/*!40101 SET @saved_cs_client     = @@character_set_client */;
/*!40101 SET character_set_client = utf8 */;
CREATE TABLE `menu` (
  `mid` int(11) NOT NULL AUTO_INCREMENT,
  `store_id` int(11) DEFAULT NULL,
  `category_id` int(11) DEFAULT NULL,
  `menu_name` varchar(500) DEFAULT NULL,
  `menu_image_url` varchar(3000) DEFAULT NULL,
  PRIMARY KEY (`mid`),
  KEY `store_id` (`store_id`),
  KEY `category_id` (`category_id`),
  CONSTRAINT `menu_ibfk_1` FOREIGN KEY (`store_id`) REFERENCES `store` (`sid`),
  CONSTRAINT `menu_ibfk_2` FOREIGN KEY (`category_id`) REFERENCES `menu_category` (`id`)
) ENGINE=InnoDB AUTO_INCREMENT=866 DEFAULT CHARSET=utf8mb4 COLLATE=utf8mb4_general_ci;
/*!40101 SET character_set_client = @saved_cs_client */;

--
-- Dumping data for table `menu`
--

LOCK TABLES `menu` WRITE;
/*!40000 ALTER TABLE `menu` DISABLE KEYS */;
INSERT INTO `menu` VALUES
(1,1,1,'오리지날 통살 치킨마요','/images/school_1_Yonsei_Mirae/inside/store_1_BNC/category_1/menu_1.png'),
(2,1,1,'오코노미 통살 치킨마요','/images/school_1_Yonsei_Mirae/inside/store_1_BNC/category_1/menu_2.png'),
(3,1,1,'양념 통살 치킨마요','/images/school_1_Yonsei_Mirae/inside/store_1_BNC/category_1/menu_3.png'),
(4,1,1,'간장 양념 통살 치킨마요','/images/school_1_Yonsei_Mirae/inside/store_1_BNC/category_1/menu_4.png'),
(5,1,2,'크리스피 치킨',''),
(6,1,2,'칭타오 치킨',''),
(7,2,3,'에스프레소','/images/school_1_Yonsei_Mirae/inside/store_2_CAFE DICTIONARY/category_3/menu_7.jpg'),
(8,2,3,'아메리카노','/images/school_1_Yonsei_Mirae/inside/store_2_CAFE DICTIONARY/category_3/menu_8.jpg'),
(9,2,3,'헤이즐넛 아메리카노','/images/school_1_Yonsei_Mirae/inside/store_2_CAFE DICTIONARY/category_3/menu_9.jpg'),
(10,2,3,'카페라떼','/images/school_1_Yonsei_Mirae/inside/store_2_CAFE DICTIONARY/category_3/menu_10.jpg'),
(11,2,3,'카페라떼 사이즈업','/images/school_1_Yonsei_Mirae/inside/store_2_CAFE DICTIONARY/category_3/menu_11.jpg'),
(12,2,3,'카푸치노','/images/school_1_Yonsei_Mirae/inside/store_2_CAFE DICTIONARY/category_3/menu_12.jpg'),
(13,2,3,'카페모카','/images/school_1_Yonsei_Mirae/inside/store_2_CAFE DICTIONARY/category_3/menu_13.jpg'),
(14,2,3,'카라멜 마끼야또','/images/school_1_Yonsei_Mirae/inside/store_2_CAFE DICTIONARY/category_3/menu_14.jpg'),
(15,2,3,'스페니쉬 라떼','/images/school_1_Yonsei_Mirae/inside/store_2_CAFE DICTIONARY/category_3/menu_15.jpg'),
(16,2,3,'스팀우유','/images/school_1_Yonsei_Mirae/inside/store_2_CAFE DICTIONARY/category_3/menu_16.jpg'),
(17,2,3,'콜드브루','/images/school_1_Yonsei_Mirae/inside/store_2_CAFE DICTIONARY/category_3/menu_17.jpg'),
(18,2,3,'콜드브루 라떼','/images/school_1_Yonsei_Mirae/inside/store_2_CAFE DICTIONARY/category_3/menu_18.jpg'),
(19,2,3,'바닐라 크림 콜드브루','/images/school_1_Yonsei_Mirae/inside/store_2_CAFE DICTIONARY/category_3/menu_19.jpg'),
(20,2,3,'연유 콜드브루','/images/school_1_Yonsei_Mirae/inside/store_2_CAFE DICTIONARY/category_3/menu_20.jpg'),
(21,2,3,'샌드 라떼','/images/school_1_Yonsei_Mirae/inside/store_2_CAFE DICTIONARY/category_3/menu_21.jpg'),
(22,2,3,'달고나 카페라떼','/images/school_1_Yonsei_Mirae/inside/store_2_CAFE DICTIONARY/category_3/menu_22.jpg'),
(23,2,3,'뚱메리카노','/images/school_1_Yonsei_Mirae/inside/store_2_CAFE DICTIONARY/category_3/menu_23.jpg'),
(24,2,4,'카카오 라떼','/images/school_1_Yonsei_Mirae/inside/store_2_CAFE DICTIONARY/category_4/menu_24.jpg'),
(25,2,4,'그린티 라떼','/images/school_1_Yonsei_Mirae/inside/store_2_CAFE DICTIONARY/category_4/menu_25.jpg'),
(26,2,4,'자색고구마 라떼','/images/school_1_Yonsei_Mirae/inside/store_2_CAFE DICTIONARY/category_4/menu_26.jpg'),
(27,2,4,'민트초코 라떼','/images/school_1_Yonsei_Mirae/inside/store_2_CAFE DICTIONARY/category_4/menu_27.jpg'),
(28,2,4,'토피넛 라떼','/images/school_1_Yonsei_Mirae/inside/store_2_CAFE DICTIONARY/category_4/menu_28.jpg'),
(29,2,4,'오곡 라떼',''),
(30,2,4,'리얼스트로베리 라떼','/images/school_1_Yonsei_Mirae/inside/store_2_CAFE DICTIONARY/category_4/menu_30.jpg'),
(31,2,4,'달고나 밀크 라떼','/images/school_1_Yonsei_Mirae/inside/store_2_CAFE DICTIONARY/category_4/menu_31.jpg'),
(32,2,5,'복숭아 / 레몬 아이스티','/images/school_1_Yonsei_Mirae/inside/store_2_CAFE DICTIONARY/category_5/menu_32.jpg'),
(33,2,5,'복숭아 / 레몬 아이스티 사이즈업','/images/school_1_Yonsei_Mirae/inside/store_2_CAFE DICTIONARY/category_5/menu_33.jpg'),
(34,2,5,'허니레몬 / 허니자몽 블랙티','/images/school_1_Yonsei_Mirae/inside/store_2_CAFE DICTIONARY/category_5/menu_34.jpg'),
(35,2,5,'레몬라임 / 자몽 / 청포도 / 딸기 스파클링','/images/school_1_Yonsei_Mirae/inside/store_2_CAFE DICTIONARY/category_5/menu_35.jpg'),
(36,2,5,'체리콕','/images/school_1_Yonsei_Mirae/inside/store_2_CAFE DICTIONARY/category_5/menu_36.jpg'),
(37,2,5,'오미자 스파클링','/images/school_1_Yonsei_Mirae/inside/store_2_CAFE DICTIONARY/category_5/menu_37.jpg'),
(38,2,5,'베리블라썸 아이스티','/images/school_1_Yonsei_Mirae/inside/store_2_CAFE DICTIONARY/category_5/menu_38.jpg'),
(39,2,5,'레샷추 (레몬스파클링 + 샷추가)',''),
(40,2,5,'여름아 부탁해 (썸머 아이스티)','/images/school_1_Yonsei_Mirae/inside/store_2_CAFE DICTIONARY/category_5/menu_40.jpg'),
(41,2,5,'카딕 실론티','/images/school_1_Yonsei_Mirae/inside/store_2_CAFE DICTIONARY/category_5/menu_41.jpg'),
(42,2,6,'카카오 프라페','/images/school_1_Yonsei_Mirae/inside/store_2_CAFE DICTIONARY/category_6/menu_42.jpg'),
(43,2,6,'카라멜 프라페','/images/school_1_Yonsei_Mirae/inside/store_2_CAFE DICTIONARY/category_6/menu_43.jpg'),
(44,2,6,'그린티 프라페','/images/school_1_Yonsei_Mirae/inside/store_2_CAFE DICTIONARY/category_6/menu_44.jpg'),
(45,2,6,'민트초코 프라페','/images/school_1_Yonsei_Mirae/inside/store_2_CAFE DICTIONARY/category_6/menu_45.jpg'),
(46,2,6,'자바칩 프라페','/images/school_1_Yonsei_Mirae/inside/store_2_CAFE DICTIONARY/category_6/menu_46.jpg'),
(47,2,6,'쿠키앤크림 프라페','/images/school_1_Yonsei_Mirae/inside/store_2_CAFE DICTIONARY/category_6/menu_47.jpg'),
(48,2,6,'요거트 프라페','/images/school_1_Yonsei_Mirae/inside/store_2_CAFE DICTIONARY/category_6/menu_48.jpg'),
(49,2,6,'딸기 요거트 프라페','/images/school_1_Yonsei_Mirae/inside/store_2_CAFE DICTIONARY/category_6/menu_49.jpg'),
(50,2,6,'초코바나나 프라페','/images/school_1_Yonsei_Mirae/inside/store_2_CAFE DICTIONARY/category_6/menu_50.jpg'),
(51,2,7,'아메리카노 (MASTER/ROASTER)',NULL),
(52,2,7,'카페라떼 (MASTER/ROASTER)',NULL),
(53,2,8,'유자차','/images/school_1_Yonsei_Mirae/inside/store_2_CAFE DICTIONARY/category_8/menu_53.jpg'),
(54,2,8,'수제 레몬티','/images/school_1_Yonsei_Mirae/inside/store_2_CAFE DICTIONARY/category_8/menu_54.jpg'),
(55,2,8,'수제 자몽티','/images/school_1_Yonsei_Mirae/inside/store_2_CAFE DICTIONARY/category_8/menu_55.jpg'),
(56,2,8,'오미자차','/images/school_1_Yonsei_Mirae/inside/store_2_CAFE DICTIONARY/category_8/menu_56.jpg'),
(57,2,8,'유기농 허브티 (얼그레이/캐모마일/페퍼민트/블루베리 루이보스)','/images/school_1_Yonsei_Mirae/inside/store_2_CAFE DICTIONARY/category_8/menu_57.jpg'),
(58,2,8,'제주 오설록 프리미엄 녹차','/images/school_1_Yonsei_Mirae/inside/store_2_CAFE DICTIONARY/category_8/menu_58.jpg'),
(59,2,8,'제주 오설록 달빛걷기','/images/school_1_Yonsei_Mirae/inside/store_2_CAFE DICTIONARY/category_8/menu_59.jpg'),
(60,2,8,'생강차',''),
(61,2,8,'레몬 생강차','/images/school_1_Yonsei_Mirae/inside/store_2_CAFE DICTIONARY/category_8/menu_61.jpg'),
(62,2,9,'코리아노','/images/school_1_Yonsei_Mirae/inside/store_2_CAFE DICTIONARY/category_9/menu_62.jpg'),
(63,2,9,'아인슈페너','/images/school_1_Yonsei_Mirae/inside/store_2_CAFE DICTIONARY/category_9/menu_63.jpg'),
(64,2,9,'누텔라 라떼','/images/school_1_Yonsei_Mirae/inside/store_2_CAFE DICTIONARY/category_9/menu_64.jpg'),
(65,2,9,'로얄 밀크티','/images/school_1_Yonsei_Mirae/inside/store_2_CAFE DICTIONARY/category_9/menu_65.jpg'),
(66,2,9,'아인슈페너 라떼','/images/school_1_Yonsei_Mirae/inside/store_2_CAFE DICTIONARY/category_9/menu_66.jpg'),
(67,2,9,'달고나 밀크티','/images/school_1_Yonsei_Mirae/inside/store_2_CAFE DICTIONARY/category_9/menu_67.jpg'),
(68,2,10,'레드 버블 라떼 (non coffee)','/images/school_1_Yonsei_Mirae/inside/store_2_CAFE DICTIONARY/category_10/menu_68.jpg'),
(69,2,10,'블랙 버블 라떼 (non coffee)','/images/school_1_Yonsei_Mirae/inside/store_2_CAFE DICTIONARY/category_10/menu_69.jpg'),
(70,2,10,'브라운 버블 라떼 (coffee)','/images/school_1_Yonsei_Mirae/inside/store_2_CAFE DICTIONARY/category_10/menu_70.jpg'),
(71,2,11,'딸기 주스','/images/school_1_Yonsei_Mirae/inside/store_2_CAFE DICTIONARY/category_11/menu_71.jpg'),
(72,2,11,'바나나 주스','/images/school_1_Yonsei_Mirae/inside/store_2_CAFE DICTIONARY/category_11/menu_72.jpg'),
(73,2,11,'딸기 바나나 주스','/images/school_1_Yonsei_Mirae/inside/store_2_CAFE DICTIONARY/category_11/menu_73.jpg'),
(74,3,12,'에스프레소','/images/school_1_Yonsei_Mirae/inside/store_3_CAFE GEE/category_12/menu_74.jpg'),
(75,3,12,'아메리카노','/images/school_1_Yonsei_Mirae/inside/store_3_CAFE GEE/category_12/menu_75.jpg'),
(76,3,12,'디카페인 아메리카노','/images/school_1_Yonsei_Mirae/inside/store_3_CAFE GEE/category_12/menu_76.jpg'),
(77,3,12,'헤이즐넛 아메리카노','/images/school_1_Yonsei_Mirae/inside/store_3_CAFE GEE/category_12/menu_77.jpg'),
(78,3,12,'카페라떼','/images/school_1_Yonsei_Mirae/inside/store_3_CAFE GEE/category_12/menu_78.jpg'),
(79,3,12,'카페라떼 (바닐라/카라멜/헤이즐넛)','/images/school_1_Yonsei_Mirae/inside/store_3_CAFE GEE/category_12/menu_79.jpg'),
(80,3,12,'카푸치노','/images/school_1_Yonsei_Mirae/inside/store_3_CAFE GEE/category_12/menu_80.jpg'),
(81,3,12,'카페모카','/images/school_1_Yonsei_Mirae/inside/store_3_CAFE GEE/category_12/menu_81.jpg'),
(82,3,12,'카라멜 마끼야또','/images/school_1_Yonsei_Mirae/inside/store_3_CAFE GEE/category_12/menu_82.jpg'),
(83,3,12,'콜드브루','/images/school_1_Yonsei_Mirae/inside/store_3_CAFE GEE/category_12/menu_83.jpg'),
(84,3,12,'콜드브루 라떼','/images/school_1_Yonsei_Mirae/inside/store_3_CAFE GEE/category_12/menu_84.jpg'),
(85,3,12,'연유 라떼',NULL),
(86,3,12,'아인슈페너',NULL),
(87,3,12,'아이스크림 카페 라떼','/images/school_1_Yonsei_Mirae/inside/store_3_CAFE GEE/category_12/menu_87.jpg'),
(88,3,12,'아포카토',NULL),
(89,3,13,'초코 라떼','/images/school_1_Yonsei_Mirae/inside/store_3_CAFE GEE/category_13/menu_89.jpg'),
(90,3,13,'녹차 라떼','/images/school_1_Yonsei_Mirae/inside/store_3_CAFE GEE/category_13/menu_90.jpg'),
(91,3,13,'토피넛 라떼','/images/school_1_Yonsei_Mirae/inside/store_3_CAFE GEE/category_13/menu_91.jpg'),
(92,3,13,'딸기 라떼','/images/school_1_Yonsei_Mirae/inside/store_3_CAFE GEE/category_13/menu_92.jpg'),
(93,3,13,'리얼 망고 라떼','/images/school_1_Yonsei_Mirae/inside/store_3_CAFE GEE/category_13/menu_93.jpg'),
(94,3,13,'리얼 블루베리 라떼','/images/school_1_Yonsei_Mirae/inside/store_3_CAFE GEE/category_13/menu_94.jpg'),
(95,3,13,'인절미 미숫가루 라떼','/images/school_1_Yonsei_Mirae/inside/store_3_CAFE GEE/category_13/menu_95.jpg'),
(96,3,13,'우유',NULL),
(97,3,13,'리얼 바나나 우유',NULL),
(98,3,14,'숙성 밀크티','/images/school_1_Yonsei_Mirae/inside/store_3_CAFE GEE/category_14/menu_98.jpg'),
(99,3,15,'흑당 버블 라떼','/images/school_1_Yonsei_Mirae/inside/store_3_CAFE GEE/category_15/menu_99.jpg'),
(100,3,15,'흑당 버블 카페 라떼','/images/school_1_Yonsei_Mirae/inside/store_3_CAFE GEE/category_15/menu_100.jpg'),
(101,3,16,'아메리카노','/images/school_1_Yonsei_Mirae/inside/store_3_CAFE GEE/category_16/menu_101.jpg'),
(102,3,16,'카페라떼','/images/school_1_Yonsei_Mirae/inside/store_3_CAFE GEE/category_16/menu_102.jpg'),
(103,3,17,'복숭아 아이스티','/images/school_1_Yonsei_Mirae/inside/store_3_CAFE GEE/category_17/menu_103.jpg'),
(104,3,17,'레몬 아이스티','/images/school_1_Yonsei_Mirae/inside/store_3_CAFE GEE/category_17/menu_104.jpg'),
(105,3,17,'레몬 에이드','/images/school_1_Yonsei_Mirae/inside/store_3_CAFE GEE/category_17/menu_105.jpg'),
(106,3,17,'자몽 에이드','/images/school_1_Yonsei_Mirae/inside/store_3_CAFE GEE/category_17/menu_106.jpg'),
(107,3,17,'딸기 에이드','/images/school_1_Yonsei_Mirae/inside/store_3_CAFE GEE/category_17/menu_107.jpg'),
(108,3,17,'패션후르츠 에이드',NULL),
(109,3,17,'리얼망고 에이드','/images/school_1_Yonsei_Mirae/inside/store_3_CAFE GEE/category_17/menu_109.jpg'),
(110,3,17,'샤인머스켓 코코에이드','/images/school_1_Yonsei_Mirae/inside/store_3_CAFE GEE/category_17/menu_110.jpg'),
(111,3,17,'복숭아 자두 코코에이드','/images/school_1_Yonsei_Mirae/inside/store_3_CAFE GEE/category_17/menu_111.jpg'),
(112,3,18,'딸기 주스','/images/school_1_Yonsei_Mirae/inside/store_3_CAFE GEE/category_18/menu_112.jpg'),
(113,3,18,'망고 주스','/images/school_1_Yonsei_Mirae/inside/store_3_CAFE GEE/category_18/menu_113.jpg'),
(114,3,18,'블루베리 주스','/images/school_1_Yonsei_Mirae/inside/store_3_CAFE GEE/category_18/menu_114.jpg'),
(115,3,18,'바나나 복숭아자두 주스','/images/school_1_Yonsei_Mirae/inside/store_3_CAFE GEE/category_18/menu_115.jpg'),
(116,3,19,'초콜릿 프라페','/images/school_1_Yonsei_Mirae/inside/store_3_CAFE GEE/category_19/menu_116.jpg'),
(117,3,19,'녹차 프라페','/images/school_1_Yonsei_Mirae/inside/store_3_CAFE GEE/category_19/menu_117.jpg'),
(118,3,19,'자바칩 프라페','/images/school_1_Yonsei_Mirae/inside/store_3_CAFE GEE/category_19/menu_118.jpg'),
(119,3,19,'요거트 프라페','/images/school_1_Yonsei_Mirae/inside/store_3_CAFE GEE/category_19/menu_119.jpg'),
(120,3,19,'딸기 요거트 프라페','/images/school_1_Yonsei_Mirae/inside/store_3_CAFE GEE/category_19/menu_120.jpg'),
(121,3,19,'망고 요거트 프라페','/images/school_1_Yonsei_Mirae/inside/store_3_CAFE GEE/category_19/menu_121.jpg'),
(122,3,19,'블루베리 요거트 프라페','/images/school_1_Yonsei_Mirae/inside/store_3_CAFE GEE/category_19/menu_122.jpg'),
(123,3,19,'샤인머스켓 요거트 프라페','/images/school_1_Yonsei_Mirae/inside/store_3_CAFE GEE/category_19/menu_123.jpg'),
(124,3,20,'유자차','/images/school_1_Yonsei_Mirae/inside/store_3_CAFE GEE/category_20/menu_124.jpg'),
(125,3,20,'레몬차','/images/school_1_Yonsei_Mirae/inside/store_3_CAFE GEE/category_20/menu_125.jpg'),
(126,3,20,'자몽차','/images/school_1_Yonsei_Mirae/inside/store_3_CAFE GEE/category_20/menu_126.jpg'),
(127,3,20,'얼그레이 티','/images/school_1_Yonsei_Mirae/inside/store_3_CAFE GEE/category_20/menu_127.jpg'),
(128,3,20,'캐모마일 티','/images/school_1_Yonsei_Mirae/inside/store_3_CAFE GEE/category_20/menu_128.jpg'),
(129,3,20,'페퍼민트 루이보스','/images/school_1_Yonsei_Mirae/inside/store_3_CAFE GEE/category_20/menu_129.jpg'),
(130,3,20,'탠저린 진저 티','/images/school_1_Yonsei_Mirae/inside/store_3_CAFE GEE/category_20/menu_130.jpg'),
(131,3,20,'트로피칼 크림슨 티','/images/school_1_Yonsei_Mirae/inside/store_3_CAFE GEE/category_20/menu_131.jpg'),
(132,3,20,'프리미엄 녹차','/images/school_1_Yonsei_Mirae/inside/store_3_CAFE GEE/category_20/menu_132.jpg'),
(133,3,20,'패션후르츠 티',''),
(134,3,21,'밀크쉐이크','/images/school_1_Yonsei_Mirae/inside/store_3_CAFE GEE/category_21/menu_134.jpg'),
(135,3,21,'딸기밀크 쉐이크','/images/school_1_Yonsei_Mirae/inside/store_3_CAFE GEE/category_21/menu_135.jpg'),
(136,3,21,'초코밀크 쉐이크','/images/school_1_Yonsei_Mirae/inside/store_3_CAFE GEE/category_21/menu_136.jpg'),
(137,3,21,'코코넛밀크 쉐이크 커피','/images/school_1_Yonsei_Mirae/inside/store_3_CAFE GEE/category_21/menu_137.jpg'),
(138,3,22,'눈꽃팥빙수',NULL),
(139,3,22,'딸기 눈꽃빙수',NULL),
(140,3,22,'망고 눈꽃빙수',NULL),
(141,3,22,'돼지바 눈꽃빙수',NULL),
(142,3,22,'오레오 쿠키 눈꽃빙수',NULL),
(143,3,22,'인절미 미숫가루 눈꽃빙수',NULL),
(144,3,23,'아이스크림 (컵)','/images/school_1_Yonsei_Mirae/inside/store_3_CAFE GEE/category_23/menu_144.jpg'),
(145,3,23,'아이스크림 (콘)','/images/school_1_Yonsei_Mirae/inside/store_3_CAFE GEE/category_23/menu_145.jpg'),
(146,3,24,'와플류',NULL),
(147,3,24,'크로플',NULL),
(148,4,25,'아메리카노',NULL),
(149,4,25,'카페라떼',NULL),
(150,4,25,'카푸치노',NULL),
(151,4,25,'바닐라빈 라떼',NULL),
(152,4,25,'콜드브루 아메리카노',NULL),
(153,4,25,'콜드브루 라떼',NULL),
(154,4,25,'코코넛 카페 라떼',NULL),
(155,4,25,'헤이즐넛 아메리카노',NULL),
(156,4,25,'헤이즐넛 카페라떼',NULL),
(157,4,25,'카페모카',NULL),
(158,4,25,'카라멜 마끼아또',NULL),
(159,4,25,'돌체 연유 라떼',NULL),
(160,4,25,'흑당 카페 라떼',NULL),
(161,4,26,'핫바닐라',NULL),
(162,4,26,'핫코코넛',NULL),
(163,4,26,'녹차 라떼',NULL),
(164,4,26,'초코 라떼',NULL),
(165,4,26,'민트초코 라떼',NULL),
(166,4,26,'토피넛 라떼',NULL),
(167,4,26,'차이티 라떼',NULL),
(168,4,26,'밤 라떼',NULL),
(169,4,26,'고구마 라떼',NULL),
(170,4,26,'미숫가루 라떼',NULL),
(171,4,27,'딸기 라떼',NULL),
(172,4,27,'자몽 라떼',NULL),
(173,4,27,'유자 라떼',NULL),
(174,4,27,'패션후르츠 라떼',NULL),
(175,4,27,'애플시나몬 라떼',NULL),
(176,4,28,'망고 주스',NULL),
(177,4,28,'키위 주스',NULL),
(178,4,28,'한끼 주스 (바나나 + 견과)',NULL),
(179,4,28,'초코바나나 주스',NULL),
(180,4,28,'아보카도 바나나 주스',NULL),
(181,4,29,'딸기 에이드',NULL),
(182,4,29,'청포도 에이드',NULL),
(183,4,29,'자몽 에이드',NULL),
(184,4,29,'레몬 에이드',NULL),
(185,4,29,'유자 에이드',NULL),
(186,4,29,'패션후르츠 에이드',NULL),
(187,4,29,'블루레몬 에이드',NULL),
(188,4,29,'오미자 에이드',NULL),
(189,4,29,'콜드브루 에이드',NULL),
(190,4,30,'과일 요거트 스무디',NULL),
(191,4,30,'과일 바나나 스무디',NULL),
(192,4,30,'플레인 요거트 스무디',NULL),
(193,4,30,'배 스무디',NULL),
(194,4,30,'미숫가루 스무디',NULL),
(195,4,30,'코코넛 스무디',NULL),
(196,4,30,'코코넛 커피 스무디',NULL),
(197,4,31,'자바칩 프라페',NULL),
(198,4,31,'모카칩 프라페',NULL),
(199,4,31,'그린티 프라페',NULL),
(200,4,31,'카라멜 프라페',NULL),
(201,4,31,'민트초코칩 프라페',NULL),
(202,4,31,'허니멜론 프라페',NULL),
(203,4,32,'레몬차',NULL),
(204,4,32,'자몽차',NULL),
(205,4,32,'유자차',NULL),
(206,4,32,'모과차',NULL),
(207,4,32,'대추차',NULL),
(208,4,32,'오미자차',NULL),
(209,4,32,'애플시나몬차',NULL),
(210,4,33,'복숭아 아이스티',NULL),
(211,4,33,'아샷추 (아이스티 + 샷)',NULL),
(212,4,33,'레몬말차 아이스티',NULL),
(213,4,33,'얼그레이',NULL),
(214,4,33,'잉글리쉬 블랙 퍼스트',NULL),
(215,4,33,'밀크티',NULL),
(216,4,34,'캐모마일',NULL),
(217,4,34,'레몬밤',NULL),
(218,4,34,'자스민',NULL),
(219,4,34,'페퍼민트',NULL),
(220,4,34,'루이보스',NULL),
(221,4,34,'히비스커스',NULL),
(222,4,34,'제주녹차',NULL),
(223,4,35,'마카롱 (뚱)',NULL),
(224,4,35,'꼬끄후레이크',NULL),
(225,4,36,'연어 샐러드','/images/school_1_Yonsei_Mirae/inside/store_2_CAFE DICTIONARY/category_36/menu_225.jpg'),
(226,4,36,'수비드 닭가슴살 샐러드','/images/school_1_Yonsei_Mirae/inside/store_2_CAFE DICTIONARY/category_36/menu_226.jpg'),
(227,4,36,'리코타 치즈 샐러드','/images/school_1_Yonsei_Mirae/inside/store_2_CAFE DICTIONARY/category_36/menu_227.jpg'),
(228,4,36,'알리오 올리오 파스타 샐러드','/images/school_1_Yonsei_Mirae/inside/store_2_CAFE DICTIONARY/category_36/menu_228.jpg'),
(229,4,36,'두부면 파스타 샐러드','/images/school_1_Yonsei_Mirae/inside/store_2_CAFE DICTIONARY/category_36/menu_229.jpg'),
(230,4,36,'아보카도 샐러드','/images/school_1_Yonsei_Mirae/inside/store_2_CAFE DICTIONARY/category_36/menu_230.jpg'),
(231,4,36,'왕새우 샐러드','/images/school_1_Yonsei_Mirae/inside/store_2_CAFE DICTIONARY/category_36/menu_231.jpg'),
(232,4,36,'구운 버섯 샐러드','/images/school_1_Yonsei_Mirae/inside/store_2_CAFE DICTIONARY/category_36/menu_232.jpg'),
(233,4,36,'목살 스테이크 샐러드','/images/school_1_Yonsei_Mirae/inside/store_2_CAFE DICTIONARY/category_36/menu_233.jpg'),
(234,4,36,'그린 샐러드','/images/school_1_Yonsei_Mirae/inside/store_2_CAFE DICTIONARY/category_36/menu_234.jpg'),
(235,4,36,'목살 스테이크 포케',''),
(236,4,36,'쉬림프 포케',NULL),
(237,4,36,'구운 버섯 포케',NULL),
(238,4,36,'훈제 연어 포케',NULL),
(239,4,36,'두부 포케',NULL),
(240,4,36,'수제 떡갈비 샐러드',NULL),
(241,4,36,'단호박 무스 샐러드',NULL),
(242,4,37,'단호박 에그 샌드위치',NULL),
(243,4,37,'리코타 치즈 샌드위치',NULL),
(244,4,37,'피스타치오 수비드 닭가슴살 샌드위치',NULL),
(245,4,37,'두부 웰빙 샌드위치',NULL),
(246,4,37,'카레 닭가슴살 샌드위치',NULL),
(247,4,37,'수제 떡갈비 샌드위치',NULL),
(248,4,37,'흑임자 샌드위치',NULL),
(249,4,37,'샐드위치 (샐러드+샌드위치 반반)',NULL),
(250,4,38,'샐러드 + 아메리카노',NULL),
(251,4,38,'샌드위치 + 아메리카노',NULL),
(252,4,38,'흑임자 + 아메리카노',NULL),
(253,4,39,'통팥이 살아있는 단팥죽',NULL),
(254,4,39,'양송이 스프',NULL),
(255,4,39,'전통 호박죽',NULL),
(256,4,39,'칼칼한게 생각날 때 낙지 김치죽',NULL),
(257,4,39,'100% 완도산 참전복죽',NULL),
(258,4,39,'1등급 한우 소고기죽',NULL),
(259,4,39,'신선한 야채 듬뿍 야채죽',NULL),
(260,4,39,'국내산 진한 닭육수 영양닭죽',NULL),
(261,5,40,'에그해쉬감자',NULL),
(262,5,40,'베이컨치즈감자',NULL),
(263,5,40,'햄치즈감자',NULL),
(264,5,40,'베이컨 베스트',NULL),
(265,5,40,'햄치즈',NULL),
(266,5,40,'햄 스페셜',NULL),
(267,5,40,'불고기 MVP',NULL),
(268,5,40,'감자 MVP',NULL),
(269,5,40,'떡갈비 MVP',NULL),
(270,5,40,'핫치킨 MVP',NULL),
(271,5,40,'베이컨 포테이토 피자',NULL),
(272,5,40,'스테이크 피자',NULL),
(273,5,40,'페퍼로니 피자',NULL),
(274,5,40,'고구마 피자',NULL),
(275,5,40,'베이컨 치즈 베이글',NULL),
(276,5,40,'햄치즈 베이글',NULL),
(277,5,40,'스페셜 베이글',NULL),
(278,5,40,'감자치즈 베이글',NULL),
(279,5,40,'딥치즈 모짜렐라 베이컨',NULL),
(280,5,40,'딥치즈 모짜렐라 떡갈비',NULL),
(281,5,40,'딥치즈 모짜렐라 고구마',NULL),
(282,5,40,'딥치즈 모짜렐라 감자',NULL),
(283,6,41,'도넛류',NULL),
(284,6,41,'식빵류',NULL),
(285,6,41,'유럽건강빵류',NULL),
(286,6,41,'일반빵류',NULL),
(287,6,41,'조리빵류',NULL),
(288,6,41,'파이/페스트리류',NULL),
(289,6,42,'에스프레소',NULL),
(290,6,42,'아메리카노',NULL),
(291,6,42,'카페 라떼',NULL),
(292,6,42,'카라멜 마끼아또',NULL),
(293,6,42,'카페 모카',NULL),
(294,6,42,'바닐라 라떼',NULL),
(295,6,42,'콜드브루',NULL),
(296,6,42,'콜드브루 라떼',NULL),
(297,6,42,'콜드브루 연유라떼',NULL),
(298,6,42,'꿀꺽꿀꺽! 꿀메리카노',NULL),
(299,6,42,'원샷! 아샷추',NULL),
(300,6,42,'사르르 커피쉐이크',NULL),
(301,6,42,'사르르 우유쉐이크',NULL),
(302,6,42,'자몽 에이드',NULL),
(303,6,42,'레몬 에이드',NULL),
(304,6,42,'딸기 스무디',NULL),
(305,6,42,'망고 스무디',NULL),
(306,6,42,'샤인머스캣 스무디',NULL),
(307,6,42,'페퍼민트 티',NULL),
(308,6,42,'캐모마일 티',NULL),
(309,6,42,'잉글리쉬 브렉퍼스트 티',NULL),
(310,6,42,'유자 레몬티',NULL),
(311,9,43,'A4',NULL),
(312,9,43,'A4 스티커',NULL),
(313,9,43,'A3',NULL),
(314,9,43,'A2',NULL),
(315,9,43,'A1',NULL),
(316,9,43,'A0',NULL),
(317,9,44,'A4 리플렛 (3단)',NULL),
(318,9,44,'현수막',NULL),
(319,9,44,'폼보드',NULL),
(320,9,44,'명함',NULL),
(321,9,44,'목걸이 명찰',NULL),
(322,9,44,'명패',NULL),
(323,9,44,'배너',NULL),
(324,9,45,'흑백 70p 기준, 페이지 추가, 칼라 인쇄 추가시 추가금 + 칼라페이지 섞기 가능',NULL),
(325,9,46,'스프링',NULL),
(326,9,46,'책제본',NULL),
(327,9,47,'기본 스캔',NULL),
(328,9,47,'OCR (문자 인식) 스캔',NULL),
(329,14,48,'에스프레소',NULL),
(330,14,48,'아메리카노',NULL),
(331,14,48,'디카페인 아메리카노',NULL),
(332,14,48,'헤이즐넛 아메리카노',NULL),
(333,14,48,'카페라떼',NULL),
(334,14,48,'카페라떼 (바닐라/카라멜/헤이즐넛)',NULL),
(335,14,48,'카푸치노',NULL),
(336,14,48,'카페모카',NULL),
(337,14,48,'카라멜 마끼야또',NULL),
(338,14,48,'콜드브루',NULL),
(339,14,48,'콜드브루 라떼',NULL),
(340,14,49,'초코 라떼',NULL),
(341,14,49,'녹차 라떼',NULL),
(342,14,49,'토피넛 라떼',NULL),
(343,14,49,'딸기 라떼',NULL),
(344,14,49,'리얼 망고 라떼',NULL),
(345,14,49,'리얼 블루베리 라떼',NULL),
(346,14,49,'우유',NULL),
(347,14,50,'숙성 밀크티',NULL),
(348,14,51,'흑당 버블 라떼',NULL),
(349,14,51,'흑당 버블 카페라떼',NULL),
(350,14,52,'아메리카노',NULL),
(351,14,52,'카페라떼',NULL),
(352,14,53,'복숭아 아이스티',NULL),
(353,14,53,'레몬 아이스티',NULL),
(354,14,53,'레몬 에이드',NULL),
(355,14,53,'자몽 에이드',NULL),
(356,14,53,'딸기 에이드',NULL),
(357,14,53,'패션후르츠 에이드',NULL),
(358,14,53,'리얼망고 에이드',NULL),
(359,14,54,'딸기 주스',NULL),
(360,14,54,'망고 주스',NULL),
(361,14,54,'블루베리 주스',NULL),
(362,14,55,'초콜릿 프라페',NULL),
(363,14,55,'녹차 프라페',NULL),
(364,14,55,'자바칩 프라페',NULL),
(365,14,55,'요거트 프라페',NULL),
(366,14,55,'딸기 요거트 프라페',NULL),
(367,14,55,'망고 요거트 프라페',NULL),
(368,14,55,'블루베리 요거트 프라페',NULL),
(369,14,56,'유자차',NULL),
(370,14,56,'레몬차',NULL),
(371,14,56,'자몽차',NULL),
(372,14,56,'얼그레이 티',NULL),
(373,14,56,'캐모마일 티',NULL),
(374,14,56,'페퍼민트 루이보스',NULL),
(375,14,56,'탠저린 진저 티',NULL),
(376,14,56,'트로피칼 크림슨 티',NULL),
(377,14,56,'프리미엄 녹차',NULL),
(378,14,57,'더블초코쿠키',NULL),
(379,14,57,'말차쿠키',NULL),
(380,14,57,'화이트 마카다미아 쿠키',NULL),
(381,14,57,'누텔라 쿠키',NULL),
(382,14,57,'카라멜 크렌베리 쿠키',NULL),
(383,14,57,'오레오 쿠키',NULL),
(384,14,57,'로투스 쿠키',NULL),
(385,14,57,'마카롱',NULL),
(386,15,58,'에스프레소',NULL),
(387,15,58,'아메리카노 (Short Size)',NULL),
(388,15,58,'카페라떼 (Short Size)',NULL),
(389,15,58,'아메리카노',NULL),
(390,15,58,'헤이즐넛 아메리카노',NULL),
(391,15,58,'카페라떼',NULL),
(392,15,58,'바닐라 카페라떼',NULL),
(393,15,58,'카라멜 카페라떼',NULL),
(394,15,58,'헤이즐넛 카페라떼',NULL),
(395,15,58,'숙성 바닐라 라떼',NULL),
(396,15,58,'카푸치노',NULL),
(397,15,58,'카페모카',NULL),
(398,15,58,'카라멜 마끼아또',NULL),
(399,15,58,'돌체 라떼',NULL),
(400,15,58,'샌디 라떼',NULL),
(401,15,58,'아이스크림 라떼',NULL),
(402,15,58,'더치 커피',NULL),
(403,15,58,'더치 라떼',NULL),
(404,15,58,'디카페인 아메리카노',NULL),
(405,15,58,'아인슈페너',NULL),
(406,15,59,'초콜릿 라떼',NULL),
(407,15,59,'그린티 라떼',NULL),
(408,15,59,'아이스크림 초콜릿 라떼',NULL),
(409,15,59,'딸기 라떼',NULL),
(410,15,59,'달고나 라떼',NULL),
(411,15,59,'스팀우유',NULL),
(412,15,59,'오트밀 라떼',NULL),
(413,15,59,'방그레 바나나 라떼',NULL),
(414,15,59,'바밤바 라떼',NULL),
(415,15,59,'고구마 라떼',NULL),
(416,15,59,'블랙 포레스트 라떼(체리초코)',NULL),
(417,15,60,'히비스커스 밀크티',NULL),
(418,15,60,'얼그레이 밀크티',NULL),
(419,15,60,'흑당 버블 라떼',NULL),
(420,15,61,'복숭아 아이스티',NULL),
(421,15,61,'히비스커스 아이스티',NULL),
(422,15,61,'히비스커스 레몬에이드',NULL),
(423,15,61,'자몽 에이드',NULL),
(424,15,61,'딸기 에이드',NULL),
(425,15,61,'체리 에이드',NULL),
(426,15,61,'매실 에이드',NULL),
(427,15,62,'딸기 주스',NULL),
(428,15,62,'토마토 주스',NULL),
(429,15,62,'계절과일주스_땡모반(수박주스)',NULL),
(430,15,62,'계절과일주스_사과주스',NULL),
(431,15,62,'수박바 스무디',NULL),
(432,15,63,'캐모마일',NULL),
(433,15,63,'히비스커스',NULL),
(434,15,63,'얼그레이',NULL),
(435,15,63,'보이차',NULL),
(436,15,63,'자몽차',NULL),
(437,15,63,'히비스커스레몬차',NULL),
(438,15,63,'매실차',NULL),
(439,15,64,'초코 프라페',NULL),
(440,15,64,'녹차 프라페',NULL),
(441,15,64,'요거트 프라페',NULL),
(442,15,64,'망고 스무디',NULL),
(443,15,64,'조리퐁 쉐이크',NULL),
(444,15,64,'오레오 쉐이크',NULL),
(445,15,64,'코코볼 초코 쉐이크',NULL),
(446,15,64,'진짜딸기 아이스크림',NULL),
(447,15,64,'카라멜과 땅콩 아이스크림',NULL),
(448,15,64,'코코볼 초코 아이스크림',NULL),
(449,15,64,'쿠바쉐(쿠앤크 바닐라 쉐이크)',NULL),
(450,15,64,'딸크쉐(딸기크런치 바닐라 쉐이크)',NULL),
(451,15,65,'몽블랑',NULL),
(452,15,65,'소금빵',NULL),
(453,15,65,'크렌베리 스콘',NULL),
(454,15,65,'크림 스콘',NULL),
(455,15,65,'오리지널번',NULL),
(456,15,65,'미니 화이트식빵',NULL),
(457,15,65,'미니 초코식빵',NULL),
(458,15,65,'쥬로드뱅 미니 크로아상',NULL),
(459,15,65,'베이비슈(2개)',NULL),
(460,15,65,'커브 크로아상',NULL),
(461,15,65,'딸기크림 카스테라',NULL),
(462,15,65,'초코크림 카스테라',NULL),
(463,15,65,'더블초코 머핀',NULL),
(464,15,65,'블루베리 머핀',NULL),
(465,15,65,'메이플 피칸',NULL),
(466,15,65,'미니 메이플 피칸',NULL),
(467,15,65,'스트레이트 크로아상',NULL),
(468,15,65,'미니 크로아상',NULL),
(469,15,65,'미니 초코 크로아상',NULL),
(470,15,65,'스틱 프렛즐',NULL),
(471,15,65,'크림치즈 프렛즐',NULL),
(472,15,65,'어니언 베이글',NULL),
(473,15,65,'블루베리 베이글',NULL),
(474,15,65,'비스킷슈',NULL),
(475,15,65,'애프리코트 크라운',NULL),
(476,15,65,'크림치즈 스콘(갈릭)',NULL),
(477,15,65,'턴오버 애플파이',NULL),
(478,15,65,'미니 소시지 데니쉬',NULL),
(479,15,65,'녹차 스콘',NULL),
(480,15,65,'초코 스콘',NULL),
(481,15,65,'옥수수 찰빵',NULL),
(482,15,65,'감자 찰빵',NULL),
(483,15,65,'고구마 찰빵',NULL),
(484,15,65,'초코 브릿젤',NULL),
(485,15,65,'커스타드 브릿젤',NULL),
(486,15,65,'바닐라크림 브릿젤',NULL),
(487,15,65,'블루베리 크라운',NULL),
(488,15,65,'블랙 소금빵',NULL),
(489,15,65,'뺑 오 쇼콜라',NULL),
(490,15,65,'스트로베리 파이',NULL),
(491,15,65,'초콜릿 헤이즐넛 크로아상',NULL),
(492,15,66,'잉글리쉬 머핀 샌드위치',NULL),
(493,15,66,'베이컨 에그데니쉬',NULL),
(494,15,66,'소시지 크로아상',NULL),
(495,15,66,'치아바타 치킨',NULL),
(496,15,66,'치아바타 불고기',NULL),
(497,15,66,'치아바타 헴에그',NULL),
(498,15,66,'떡갈샌',NULL),
(499,15,66,'소세지핫도그',NULL),
(500,15,66,'사라다빵',NULL),
(501,15,66,'그릴드 치킨 치아바타',NULL),
(502,15,66,'어니언 크림치즈 베이글',NULL),
(503,15,66,'바질토마토 크림치즈 베이글',NULL),
(504,15,66,'반미 샌드위치',NULL),
(505,15,66,'블고기 크림 바게트',NULL),
(506,15,67,'커스타드 도넛',NULL),
(507,15,67,'우유생크림 도넛',NULL),
(508,15,67,'글레이즈크림 도넛',NULL),
(509,15,67,'초코링 도넛',NULL),
(510,15,67,'스트로베리 필링 도넛',NULL),
(511,15,67,'딸기 생크림 도넛',NULL),
(512,15,67,'돌체 드 레체 도넛',NULL),
(513,15,67,'화이트 유니버스 도넛',NULL),
(514,15,67,'플라밍고 도넛',NULL),
(515,15,67,'그랜드 부다페스트 도넛',NULL),
(516,15,67,'벨지안 초코 도넛',NULL),
(517,15,67,'크루엘라 도넛',NULL),
(518,15,68,'바스크 치즈 케이크',NULL),
(519,15,68,'쿠앤크 스퀘어',NULL),
(520,15,68,'악마의 초코케이크',NULL),
(521,15,68,'티라미슈',NULL),
(522,15,68,'까망베르 치즈 무스',NULL),
(523,15,68,'생토노레 초코',NULL),
(524,15,68,'생토노레 바닐라',NULL),
(525,15,68,'고구마무스',NULL),
(526,15,68,'초코무스',NULL),
(527,15,68,'베리베리 바스크 케이크',NULL),
(528,15,68,'딸기 티라미슈',NULL),
(529,15,68,'순수우유케이크',NULL),
(530,15,68,'트리플 치즈케이크',NULL),
(531,15,68,'바나나 우유케이크',NULL),
(532,15,68,'딸기 우유케이크',NULL),
(533,15,68,'녹차 크레이프',NULL),
(534,15,68,'달고나 크레이프',NULL),
(535,15,68,'아인슈페너 스퀘어',NULL),
(536,15,68,'녹차클라우드',NULL),
(537,15,68,'우유 롤케이크',NULL),
(538,15,68,'쇼콜라 롤케이크',NULL),
(539,15,68,'민트초코무스',NULL),
(540,15,68,'구름소다무스',NULL),
(541,15,68,'샤인머스켓 스퀘어',NULL),
(542,15,68,'제주녹차 바스크',NULL),
(543,15,68,'얼그레이 갸또쇼콜라',NULL),
(544,15,68,'흑임자 갸또쇼콜라',NULL),
(545,15,68,'딸기 쉬폰케이크',NULL),
(546,15,68,'더블얼그레이 쉬폰케이크',NULL),
(547,15,68,'딸기 생크림케이크',NULL),
(548,15,68,'흑당 밀크무스',NULL),
(549,15,68,'더블초코 스퀘어',NULL),
(550,15,68,'바나나 플람베 생크림',NULL),
(551,15,68,'카라멜 치즈케이크',NULL),
(552,15,68,'꿀밤 케이크',NULL),
(553,15,68,'한라봉 홍차 케이크',NULL),
(554,15,68,'말차갸또 쇼콜라',NULL),
(555,15,68,'단호박 바스크 치즈케이크',NULL),
(556,15,68,'크림범벅 카스테라',NULL),
(557,15,68,'단호박쑥 갸또쇼콜라',NULL),
(558,15,68,'헤이즐넛 초콜릿 케이크',NULL),
(559,15,68,'프렌치 초코 스퀘어',NULL),
(560,15,68,'블랙포레스트 케이크',NULL),
(561,15,68,'블루베리 치즈 스퀘어',NULL),
(562,15,68,'스위트 딸기무스',NULL),
(563,15,68,'앙버터 치아바타',NULL),
(564,15,68,'꿀고구마 케이크',NULL),
(565,15,68,'갸또쇼콜라',NULL),
(566,15,68,'반반한 카라멜 모카롤',NULL),
(567,15,68,'크로크무슈',NULL),
(568,15,68,'초코갸또쇼콜라',NULL),
(569,15,68,'부오노 티라미슈',NULL),
(570,15,68,'초코모카 토르테',NULL),
(571,15,68,'프리미엄 더티초코롤',NULL),
(572,15,68,'프리미엄 티라미수롤',NULL),
(573,15,68,'트리플 초코케이크',NULL),
(574,15,68,'오레오 우유케이크',NULL),
(575,15,68,'펄베리 치즈케이크',NULL),
(576,15,68,'번트 치즈케이크',NULL),
(577,15,68,'티라미수 갸또 쇼콜라',NULL),
(578,15,68,'딸기롤',NULL),
(579,15,68,'레몬 머랭 치즈타르트',NULL),
(580,15,68,'딸기 생크림 스퀘어',NULL),
(581,15,68,'사보이 티라미슈',NULL),
(582,15,68,'쁘띠꿀벌 스퀘어',NULL),
(583,15,69,'초코칩 르뱅쿠키',NULL),
(584,15,69,'초코너티 르뱅쿠키',NULL),
(585,15,69,'말차화이트 르뱅쿠키',NULL),
(586,15,69,'말차 티그레',NULL),
(587,15,69,'초코 티그레',NULL),
(588,15,69,'얼그레이 티그레',NULL),
(589,15,69,'다쿠아즈',NULL),
(590,15,69,'호두피칸 타르트',NULL),
(591,15,69,'단호박 타르트',NULL),
(592,15,69,'애플 타르트 (대, 소 나눠야함)',NULL),
(593,15,69,'코코넛 타르트',NULL),
(594,15,69,'배&아몬드 타르트',NULL),
(595,15,69,'리얼쇼콜라 타르트',NULL),
(596,15,69,'뉴욕치즈 타르트',NULL),
(597,15,69,'말차갸또 타르트',NULL),
(598,15,69,'약과 크림치즈 쿠키',NULL),
(599,15,69,'황치즈 버터바',NULL),
(600,15,69,'약과치즈 버터바',NULL),
(601,15,69,'오레오 스모어 쿠키',NULL),
(602,15,69,'비스코프 스모어 쿠키',NULL),
(603,15,69,'초코파이',NULL),
(604,15,69,'하루씨앗별이 호떡',NULL),
(605,15,69,'패스츄리 호두과자',NULL),
(606,15,69,'슈크림 붕어빵',NULL),
(607,15,69,'단팥 붕어빵',NULL),
(608,15,69,'왕씨앗호떡',NULL),
(609,15,69,'레몬 버터바',NULL),
(610,15,69,'사라다',NULL),
(611,15,69,'에그 타르트',NULL),
(612,15,69,'미니 체다치즈 쿠키',NULL),
(613,19,70,'에스프레소','/images/school_1_Yonsei_Mirae/inside/store_19_CAFE DICTIONARY/category_70/menu_613.jpg'),
(614,19,70,'아메리카노','/images/school_1_Yonsei_Mirae/inside/store_19_CAFE DICTIONARY/category_70/menu_614.jpg'),
(615,19,70,'헤이즐넛 아메리카노','/images/school_1_Yonsei_Mirae/inside/store_19_CAFE DICTIONARY/category_70/menu_615.jpg'),
(616,19,70,'카페라떼','/images/school_1_Yonsei_Mirae/inside/store_19_CAFE DICTIONARY/category_70/menu_616.jpg'),
(617,19,70,'카페라떼 사이즈업','/images/school_1_Yonsei_Mirae/inside/store_19_CAFE DICTIONARY/category_70/menu_617.jpg'),
(618,19,70,'카푸치노','/images/school_1_Yonsei_Mirae/inside/store_19_CAFE DICTIONARY/category_70/menu_618.jpg'),
(619,19,70,'카페모카','/images/school_1_Yonsei_Mirae/inside/store_19_CAFE DICTIONARY/category_70/menu_619.jpg'),
(620,19,70,'카라멜 마끼야또','/images/school_1_Yonsei_Mirae/inside/store_19_CAFE DICTIONARY/category_70/menu_620.jpg'),
(621,19,70,'스페니쉬 라떼','/images/school_1_Yonsei_Mirae/inside/store_19_CAFE DICTIONARY/category_70/menu_621.jpg'),
(622,19,70,'스팀우유','/images/school_1_Yonsei_Mirae/inside/store_19_CAFE DICTIONARY/category_70/menu_622.jpg'),
(623,19,70,'콜드브루','/images/school_1_Yonsei_Mirae/inside/store_19_CAFE DICTIONARY/category_70/menu_623.jpg'),
(624,19,70,'콜드브루 라떼','/images/school_1_Yonsei_Mirae/inside/store_19_CAFE DICTIONARY/category_70/menu_624.jpg'),
(625,19,70,'바닐라 크림 콜드브루','/images/school_1_Yonsei_Mirae/inside/store_19_CAFE DICTIONARY/category_70/menu_625.jpg'),
(626,19,70,'연유 콜드브루','/images/school_1_Yonsei_Mirae/inside/store_19_CAFE DICTIONARY/category_70/menu_626.jpg'),
(627,19,70,'샌드 라떼','/images/school_1_Yonsei_Mirae/inside/store_19_CAFE DICTIONARY/category_70/menu_627.jpg'),
(628,19,70,'달고나 카페라떼','/images/school_1_Yonsei_Mirae/inside/store_19_CAFE DICTIONARY/category_70/menu_628.jpg'),
(629,19,70,'뚱메리카노','/images/school_1_Yonsei_Mirae/inside/store_19_CAFE DICTIONARY/category_70/menu_629.jpg'),
(630,19,71,'카카오 라떼','/images/school_1_Yonsei_Mirae/inside/store_19_CAFE DICTIONARY/category_71/menu_630.jpg'),
(631,19,71,'그린티 라떼','/images/school_1_Yonsei_Mirae/inside/store_19_CAFE DICTIONARY/category_71/menu_631.jpg'),
(632,19,71,'자색고구마 라떼','/images/school_1_Yonsei_Mirae/inside/store_19_CAFE DICTIONARY/category_71/menu_632.jpg'),
(633,19,71,'민트초코 라떼','/images/school_1_Yonsei_Mirae/inside/store_19_CAFE DICTIONARY/category_71/menu_633.jpg'),
(634,19,71,'토피넛 라떼','/images/school_1_Yonsei_Mirae/inside/store_19_CAFE DICTIONARY/category_71/menu_634.jpg'),
(635,19,71,'오곡 라떼',''),
(636,19,71,'리얼스트로베리 라떼','/images/school_1_Yonsei_Mirae/inside/store_19_CAFE DICTIONARY/category_71/menu_636.jpg'),
(637,19,71,'달고나 밀크 라떼','/images/school_1_Yonsei_Mirae/inside/store_19_CAFE DICTIONARY/category_71/menu_637.jpg'),
(638,19,72,'복숭아 / 레몬 아이스티','/images/school_1_Yonsei_Mirae/inside/store_19_CAFE DICTIONARY/category_72/menu_638.jpg'),
(639,19,72,'복숭아 / 레몬 아이스티 사이즈업','/images/school_1_Yonsei_Mirae/inside/store_19_CAFE DICTIONARY/category_72/menu_639.jpg'),
(640,19,72,'허니레몬 / 허니자몽 블랙티','/images/school_1_Yonsei_Mirae/inside/store_19_CAFE DICTIONARY/category_72/menu_640.jpg'),
(641,19,72,'레몬라임 / 자몽 / 청포도 / 딸기 스파클링','/images/school_1_Yonsei_Mirae/inside/store_19_CAFE DICTIONARY/category_72/menu_641.jpg'),
(642,19,72,'체리콕','/images/school_1_Yonsei_Mirae/inside/store_19_CAFE DICTIONARY/category_72/menu_642.jpg'),
(643,19,72,'오미자 스파클링','/images/school_1_Yonsei_Mirae/inside/store_19_CAFE DICTIONARY/category_72/menu_643.jpg'),
(644,19,72,'베리블라썸 아이스티','/images/school_1_Yonsei_Mirae/inside/store_19_CAFE DICTIONARY/category_72/menu_644.jpg'),
(645,19,72,'레샷추 (레몬스파클링 + 샷추가)',''),
(646,19,72,'여름아 부탁해 (썸머 아이스티)','/images/school_1_Yonsei_Mirae/inside/store_19_CAFE DICTIONARY/category_72/menu_646.jpg'),
(647,19,72,'카딕 실론티','/images/school_1_Yonsei_Mirae/inside/store_19_CAFE DICTIONARY/category_72/menu_647.jpg'),
(648,19,73,'카카오 프라페','/images/school_1_Yonsei_Mirae/inside/store_19_CAFE DICTIONARY/category_73/menu_648.jpg'),
(649,19,73,'카라멜 프라페','/images/school_1_Yonsei_Mirae/inside/store_19_CAFE DICTIONARY/category_73/menu_649.jpg'),
(650,19,73,'그린티 프라페','/images/school_1_Yonsei_Mirae/inside/store_19_CAFE DICTIONARY/category_73/menu_650.jpg'),
(651,19,73,'민트초코 프라페','/images/school_1_Yonsei_Mirae/inside/store_19_CAFE DICTIONARY/category_73/menu_651.jpg'),
(652,19,73,'자바칩 프라페','/images/school_1_Yonsei_Mirae/inside/store_19_CAFE DICTIONARY/category_73/menu_652.jpg'),
(653,19,73,'쿠키앤크림 프라페','/images/school_1_Yonsei_Mirae/inside/store_19_CAFE DICTIONARY/category_73/menu_653.jpg'),
(654,19,73,'요거트 프라페','/images/school_1_Yonsei_Mirae/inside/store_19_CAFE DICTIONARY/category_73/menu_654.jpg'),
(655,19,73,'딸기 요거트 프라페','/images/school_1_Yonsei_Mirae/inside/store_19_CAFE DICTIONARY/category_73/menu_655.jpg'),
(656,19,73,'초코바나나 프라페','/images/school_1_Yonsei_Mirae/inside/store_19_CAFE DICTIONARY/category_73/menu_656.jpg'),
(657,19,74,'아메리카노 (MASTER/ROASTER)',''),
(658,19,74,'카페라떼 (MASTER/ROASTER)',''),
(659,19,75,'유자차','/images/school_1_Yonsei_Mirae/inside/store_19_CAFE DICTIONARY/category_75/menu_659.jpg'),
(660,19,75,'수제 레몬티','/images/school_1_Yonsei_Mirae/inside/store_19_CAFE DICTIONARY/category_75/menu_660.jpg'),
(661,19,75,'수제 자몽티','/images/school_1_Yonsei_Mirae/inside/store_19_CAFE DICTIONARY/category_75/menu_661.jpg'),
(662,19,75,'오미자차','/images/school_1_Yonsei_Mirae/inside/store_19_CAFE DICTIONARY/category_75/menu_662.jpg'),
(663,19,75,'유기능 허브티 (얼그레이/캐모마일/페퍼민트/블루베리 루이보스)','/images/school_1_Yonsei_Mirae/inside/store_19_CAFE DICTIONARY/category_75/menu_663.jpg'),
(664,19,75,'제주 오설록 프리미엄 녹차','/images/school_1_Yonsei_Mirae/inside/store_19_CAFE DICTIONARY/category_75/menu_664.jpg'),
(665,19,75,'제주 오설록 달빛걷기','/images/school_1_Yonsei_Mirae/inside/store_19_CAFE DICTIONARY/category_75/menu_665.jpg'),
(666,19,75,'생강차',''),
(667,19,75,'레몬 생강차','/images/school_1_Yonsei_Mirae/inside/store_19_CAFE DICTIONARY/category_75/menu_667.jpg'),
(668,19,76,'코리아노','/images/school_1_Yonsei_Mirae/inside/store_19_CAFE DICTIONARY/category_76/menu_668.jpg'),
(669,19,76,'아인슈페너','/images/school_1_Yonsei_Mirae/inside/store_19_CAFE DICTIONARY/category_76/menu_669.jpg'),
(670,19,76,'누텔라 라떼','/images/school_1_Yonsei_Mirae/inside/store_19_CAFE DICTIONARY/category_76/menu_670.jpg'),
(671,19,76,'로얄 밀크티','/images/school_1_Yonsei_Mirae/inside/store_19_CAFE DICTIONARY/category_76/menu_671.jpg'),
(672,19,76,'아인슈페너 라떼','/images/school_1_Yonsei_Mirae/inside/store_19_CAFE DICTIONARY/category_76/menu_672.jpg'),
(673,19,76,'달고나 밀크티','/images/school_1_Yonsei_Mirae/inside/store_19_CAFE DICTIONARY/category_76/menu_673.jpg'),
(674,19,77,'레드 버블 라떼 (non coffee)','/images/school_1_Yonsei_Mirae/inside/store_19_CAFE DICTIONARY/category_77/menu_674.jpg'),
(675,19,77,'블랙 버블 라떼 (non coffee)','/images/school_1_Yonsei_Mirae/inside/store_19_CAFE DICTIONARY/category_77/menu_675.jpg'),
(676,19,77,'브라운 버블 라떼 (coffee)','/images/school_1_Yonsei_Mirae/inside/store_19_CAFE DICTIONARY/category_77/menu_676.jpg'),
(677,19,78,'딸기 주스','/images/school_1_Yonsei_Mirae/inside/store_19_CAFE DICTIONARY/category_78/menu_677.jpg'),
(678,19,78,'바나나 주스','/images/school_1_Yonsei_Mirae/inside/store_19_CAFE DICTIONARY/category_78/menu_678.jpg'),
(679,19,78,'딸기 바나나 주스','/images/school_1_Yonsei_Mirae/inside/store_19_CAFE DICTIONARY/category_78/menu_679.jpg'),
(680,22,79,'제육백반',NULL),
(681,22,80,'제육백반+캔음료',NULL),
(682,23,81,'떡닭순 세트','/images/school_1_Yonsei_Mirae/inside/store_23_스텔라 떡볶이/category_81/menu_682.jpg'),
(683,23,81,'치즈가폭포처럼+닭강정 세트','/images/school_1_Yonsei_Mirae/inside/store_23_스텔라 떡볶이/category_81/menu_683.jpg'),
(684,23,81,'닭강정+떡볶이 세트','/images/school_1_Yonsei_Mirae/inside/store_23_스텔라 떡볶이/category_81/menu_684.jpg'),
(685,23,81,'닭강정+라볶이 세트','/images/school_1_Yonsei_Mirae/inside/store_23_스텔라 떡볶이/category_81/menu_685.jpg'),
(686,23,82,'[가성비 끝판왕] 떡볶이 세트 A','/images/school_1_Yonsei_Mirae/inside/store_23_스텔라 떡볶이/category_82/menu_686.jpg'),
(687,23,82,'[꿀조합] 떡볶이 세트 B','/images/school_1_Yonsei_Mirae/inside/store_23_스텔라 떡볶이/category_82/menu_687.jpg'),
(688,23,82,'[주문폭주] 떡볶이 세트 C','/images/school_1_Yonsei_Mirae/inside/store_23_스텔라 떡볶이/category_82/menu_688.jpg'),
(689,23,83,'라볶이 세트 A','/images/school_1_Yonsei_Mirae/inside/store_23_스텔라 떡볶이/category_83/menu_689.jpg'),
(690,23,83,'라볶이 세트 B','/images/school_1_Yonsei_Mirae/inside/store_23_스텔라 떡볶이/category_83/menu_690.jpg'),
(691,23,83,'라볶이 세트 C','/images/school_1_Yonsei_Mirae/inside/store_23_스텔라 떡볶이/category_83/menu_691.jpg'),
(692,23,84,'차돌마라 떡볶이','/images/school_1_Yonsei_Mirae/inside/store_23_스텔라 떡볶이/category_84/menu_692.jpg'),
(693,23,84,'스텔라 떡볶이','/images/school_1_Yonsei_Mirae/inside/store_23_스텔라 떡볶이/category_84/menu_693.jpg'),
(694,23,84,'로제 떡볶이','/images/school_1_Yonsei_Mirae/inside/store_23_스텔라 떡볶이/category_84/menu_694.jpg'),
(695,23,84,'차돌 떡볶이','/images/school_1_Yonsei_Mirae/inside/store_23_스텔라 떡볶이/category_84/menu_695.jpg'),
(696,23,84,'치즈 떡볶이','/images/school_1_Yonsei_Mirae/inside/store_23_스텔라 떡볶이/category_84/menu_696.jpg'),
(697,23,84,'차돌마라 떡볶이+건두부','/images/school_1_Yonsei_Mirae/inside/store_23_스텔라 떡볶이/category_84/menu_697.jpg'),
(698,23,84,'마라로제 떡볶이','/images/school_1_Yonsei_Mirae/inside/store_23_스텔라 떡볶이/category_84/menu_698.jpg'),
(699,23,84,'[신제품] 치즈가폭포처럼','/images/school_1_Yonsei_Mirae/inside/store_23_스텔라 떡볶이/category_84/menu_699.jpg'),
(700,23,85,'치즈 라볶이','/images/school_1_Yonsei_Mirae/inside/store_23_스텔라 떡볶이/category_85/menu_700.jpg'),
(701,23,85,'차돌 라볶이','/images/school_1_Yonsei_Mirae/inside/store_23_스텔라 떡볶이/category_85/menu_701.jpg'),
(702,23,85,'우주 라볶이','/images/school_1_Yonsei_Mirae/inside/store_23_스텔라 떡볶이/category_85/menu_702.jpg'),
(703,23,85,'로제 라볶이','/images/school_1_Yonsei_Mirae/inside/store_23_스텔라 떡볶이/category_85/menu_703.jpg'),
(704,23,86,'[신메뉴] 후추 닭강정','/images/school_1_Yonsei_Mirae/inside/store_23_스텔라 떡볶이/category_86/menu_704.png'),
(705,23,86,'[신메뉴] 후라이드 닭강정 (소스제공x)','/images/school_1_Yonsei_Mirae/inside/store_23_스텔라 떡볶이/category_86/menu_705.png'),
(706,23,86,'[신메뉴] 양념 닭강정','/images/school_1_Yonsei_Mirae/inside/store_23_스텔라 떡볶이/category_86/menu_706.png'),
(707,23,86,'인기튀김 3종','/images/school_1_Yonsei_Mirae/inside/store_23_스텔라 떡볶이/category_86/menu_707.png'),
(708,23,86,'인기튀김 6종','/images/school_1_Yonsei_Mirae/inside/store_23_스텔라 떡볶이/category_86/menu_708.png'),
(709,23,86,'바삭 김말이','/images/school_1_Yonsei_Mirae/inside/store_23_스텔라 떡볶이/category_86/menu_709.png'),
(710,23,86,'바삭 오징어튀김','/images/school_1_Yonsei_Mirae/inside/store_23_스텔라 떡볶이/category_86/menu_710.png'),
(711,23,86,'야채튀김','/images/school_1_Yonsei_Mirae/inside/store_23_스텔라 떡볶이/category_86/menu_711.png'),
(712,23,86,'바삭 야끼만두','/images/school_1_Yonsei_Mirae/inside/store_23_스텔라 떡볶이/category_86/menu_712.png'),
(713,23,86,'통살 새우볼','/images/school_1_Yonsei_Mirae/inside/store_23_스텔라 떡볶이/category_86/menu_713.png'),
(714,23,86,'치즈볼','/images/school_1_Yonsei_Mirae/inside/store_23_스텔라 떡볶이/category_86/menu_714.png'),
(715,23,86,'새우튀김 1개','/images/school_1_Yonsei_Mirae/inside/store_23_스텔라 떡볶이/category_86/menu_715.png'),
(716,23,86,'쉑쉑감자','/images/school_1_Yonsei_Mirae/inside/store_23_스텔라 떡볶이/category_86/menu_716.png'),
(717,23,86,'별튀김','/images/school_1_Yonsei_Mirae/inside/store_23_스텔라 떡볶이/category_86/menu_717.png'),
(718,23,87,'기본 컵밥','/images/school_1_Yonsei_Mirae/inside/store_23_스텔라 떡볶이/category_87/menu_718.png'),
(719,23,87,'스팸마요 컵밥','/images/school_1_Yonsei_Mirae/inside/store_23_스텔라 떡볶이/category_87/menu_719.png'),
(720,23,87,'참치마요 컵밥','/images/school_1_Yonsei_Mirae/inside/store_23_스텔라 떡볶이/category_87/menu_720.png'),
(721,23,87,'치킨마요 컵밥','/images/school_1_Yonsei_Mirae/inside/store_23_스텔라 떡볶이/category_87/menu_721.png'),
(722,23,88,'쫄깃순대','/images/school_1_Yonsei_Mirae/inside/store_23_스텔라 떡볶이/category_88/menu_722.png'),
(723,23,88,'어묵탕','/images/school_1_Yonsei_Mirae/inside/store_23_스텔라 떡볶이/category_88/menu_723.png'),
(724,23,89,'쿨피스','/images/school_1_Yonsei_Mirae/inside/store_23_스텔라 떡볶이/category_89/menu_724.png'),
(725,23,89,'칠성사이다','/images/school_1_Yonsei_Mirae/inside/store_23_스텔라 떡볶이/category_89/menu_725.png'),
(726,23,89,'펩시 콜라','/images/school_1_Yonsei_Mirae/inside/store_23_스텔라 떡볶이/category_89/menu_726.png'),
(727,23,89,'제로 펩시 콜라','/images/school_1_Yonsei_Mirae/inside/store_23_스텔라 떡볶이/category_89/menu_727.png'),
(728,24,90,'꽈배기',NULL),
(729,24,90,'찰쌀 도넛츠',NULL),
(730,24,90,'팥 도넛츠',NULL),
(731,24,90,'고로케',NULL),
(732,24,90,'핫도그',NULL),
(733,24,90,'사라다빵',NULL),
(734,24,91,'또우장 (중화식 콩국)',NULL),
(735,24,91,'미숫가루',NULL),
(736,24,91,'슬러시',NULL),
(737,24,91,'슬러시 믹스(파파야+파인애플+청포도)',NULL),
(738,25,92,'순대국밥',''),
(739,25,92,'얼큰국밥','/images/school_1_Yonsei_Mirae/inside/store_25_더진국/category_92/menu_739.jpg'),
(740,25,92,'수육국밥','/images/school_1_Yonsei_Mirae/inside/store_25_더진국/category_92/menu_740.jpg'),
(741,25,92,'불수육국밥','/images/school_1_Yonsei_Mirae/inside/store_25_더진국/category_92/menu_741.jpg'),
(742,25,93,'순대국밥+캔음료',NULL),
(743,25,93,'얼큰국밥+캔음료','/images/school_1_Yonsei_Mirae/inside/store_25_더진국/category_93/menu_743.jpg'),
(744,25,93,'수육국밥+캔음료','/images/school_1_Yonsei_Mirae/inside/store_25_더진국/category_93/menu_744.jpg'),
(745,25,93,'불수육국밥+캔음료','/images/school_1_Yonsei_Mirae/inside/store_25_더진국/category_93/menu_745.jpg'),
(746,26,94,'돈까스',NULL),
(747,26,94,'모듬까스',NULL),
(748,26,94,'함박스테이크',NULL),
(749,26,94,'돈까스+김치볶음밥 set',NULL),
(750,26,94,'돈까스+쫄면 set',NULL),
(751,26,94,'공기밥추가',NULL),
(752,26,94,'패티추가(150g)',NULL),
(753,26,94,'음료',NULL),
(754,26,95,'빨간떡볶이',NULL),
(755,26,95,'치즈떡볶이',NULL),
(756,26,95,'라볶이',NULL),
(757,26,95,'튀김범벅',NULL),
(758,26,95,'야채튀김',NULL),
(759,26,95,'김말이튀김3p',NULL),
(760,26,95,'만두튀김5p',NULL),
(761,26,95,'어묵튀김3p',NULL),
(762,26,95,'찹쌀순대20p',NULL),
(763,26,95,'미니찹쌀순대20p',NULL),
(764,26,95,'찹쌀순대범벅',NULL),
(765,26,95,'삶은 계란',NULL),
(766,26,95,'스팸마요컵밥',NULL),
(767,26,95,'떡갈비컵밥',NULL),
(768,26,95,'치즈라볶이',NULL),
(769,26,95,'쿨피스',NULL),
(770,26,96,'매콤고추장칼국수',NULL),
(771,26,96,'메밀만두국+공기밥',NULL),
(772,26,96,'사골칼국수',NULL),
(773,26,96,'칼메밀만두국',NULL),
(774,26,96,'장칼국수',NULL),
(775,26,96,'장칼메밀만두국',NULL),
(776,26,96,'메밀왕만두',NULL),
(777,26,96,'공기밥추가',NULL),
(778,26,97,'오징어핫바',NULL),
(779,26,97,'패스츄리 핫도그',NULL),
(780,26,97,'피자L+감튀+얼음콜라',NULL),
(781,26,97,'피자S+감튀+얼음콜라',NULL),
(782,26,97,'츄러스+초코크림',NULL),
(783,26,97,'소떡소떡',NULL),
(784,26,97,'데리야끼닭꼬치',NULL),
(785,26,97,'핫도그',NULL),
(786,26,97,'양념치킨',NULL),
(787,26,97,'뿌링클치킨',NULL),
(788,26,97,'데리야끼치킨',NULL),
(789,26,97,'피자칠리덕',NULL),
(790,26,97,'칠리덕',NULL),
(791,26,97,'음료',NULL),
(792,1,1,'불닭 통살 치킨마요',''),
(793,1,2,'양념 치킨',''),
(794,1,2,'양념 치떡순',''),
(795,1,2,'파닭 치킨',''),
(796,1,98,'치즈 피자',''),
(797,1,98,'고르곤졸라 피자',''),
(798,1,99,'치+감이',''),
(799,1,99,'치+피+감이',''),
(800,1,99,'핫스파이스 감자튀김',''),
(801,1,99,'트리플치즈 감튀',''),
(802,1,99,'통살치킨',''),
(803,1,99,'소스',''),
(804,27,100,'에스프레소',''),
(805,27,100,'아메리카노',''),
(806,27,100,'콜드브루 디카페인 아메리카노',''),
(807,27,100,'헤이즐넛 아메리카노',''),
(808,27,100,'카페라떼',''),
(809,27,100,'바닐라 카페라떼',''),
(810,27,100,'헤이즐넛 카페라떼',''),
(811,27,100,'카라멜 카페라떼',''),
(812,27,100,'돌체라떼',''),
(813,27,100,'흑당 카페라떼',''),
(814,27,100,'카푸치노',''),
(815,27,100,'카페모카',''),
(816,27,100,'카라멜 마끼아또',''),
(817,27,100,'아포가토',''),
(818,27,100,'콜드브루',''),
(819,27,100,'콜드브루 라떼',''),
(820,27,101,'초코 라떼',''),
(821,27,101,'녹차 라떼',''),
(822,27,101,'토피넛 라떼',''),
(823,27,101,'고구마 라떼',''),
(824,27,101,'오곡 라떼',''),
(825,27,101,'달고나 라떼',''),
(826,27,101,'흑당 라떼',''),
(827,27,101,'딸기 라떼',''),
(828,27,101,'망고 라떼',''),
(829,27,101,'블루베리 라떼',''),
(830,27,101,'밀크티',''),
(831,27,102,'딸기 에이드',''),
(832,27,102,'블루베리 에이드',''),
(833,27,102,'레몬 에이드',''),
(834,27,102,'자몽 에이드',''),
(835,27,102,'망고 에이드',''),
(836,27,102,'체리 에이드',''),
(837,27,102,'한라봉 에이드',''),
(838,27,102,'청포도 샤인머스켓 에이드',''),
(839,27,102,'복숭아 자두 에이드',''),
(840,27,102,'레몬 아이스티',''),
(841,27,102,'복숭아 아이스티',''),
(842,27,103,'딸기 주스',''),
(843,27,103,'망고 주스',''),
(844,27,103,'블루베리 주스',''),
(845,27,103,'수박 주스',''),
(846,27,104,'초코 스무디',''),
(847,27,104,'녹차 스무디',''),
(848,27,104,'요거트 스무디',''),
(849,27,104,'딸기 요거트 스무디',''),
(850,27,104,'망고 요거트 스무디',''),
(851,27,104,'블루베리 요거트 스무디',''),
(852,27,104,'한라봉 스무디',''),
(853,27,104,'체리 스무디',''),
(854,27,105,'유자차',''),
(855,27,105,'자몽차',''),
(856,27,105,'레몬차',''),
(857,27,105,'한라봉차',''),
(858,27,105,'대추차',''),
(859,27,105,'캐모마일 티',''),
(860,27,105,'얼그레이 티',''),
(861,27,105,'페퍼민트 티',''),
(862,27,105,'루이보스 티',''),
(863,27,105,'히비스커스 티',''),
(864,27,105,'그린티',''),
(865,NULL,NULL,NULL,NULL);
/*!40000 ALTER TABLE `menu` ENABLE KEYS */;
UNLOCK TABLES;

--
-- Table structure for table `menu_category`
--

DROP TABLE IF EXISTS `menu_category`;
/*!40101 SET @saved_cs_client     = @@character_set_client */;
/*!40101 SET character_set_client = utf8 */;
CREATE TABLE `menu_category` (
  `id` int(11) NOT NULL AUTO_INCREMENT,
  `store_id` int(11) DEFAULT NULL,
  `category_name` varchar(255) DEFAULT NULL,
  PRIMARY KEY (`id`),
  KEY `store_id` (`store_id`),
  CONSTRAINT `menu_category_ibfk_1` FOREIGN KEY (`store_id`) REFERENCES `store` (`sid`)
) ENGINE=InnoDB AUTO_INCREMENT=106 DEFAULT CHARSET=utf8mb4 COLLATE=utf8mb4_general_ci;
/*!40101 SET character_set_client = @saved_cs_client */;

--
-- Dumping data for table `menu_category`
--

LOCK TABLES `menu_category` WRITE;
/*!40000 ALTER TABLE `menu_category` DISABLE KEYS */;
INSERT INTO `menu_category` VALUES
(1,1,'치킨마요 덮밥'),
(2,1,'치킨'),
(3,2,'커피'),
(4,2,'라떼'),
(5,2,'스파클링 & 아이스티'),
(6,2,'프라페'),
(7,2,'Short Size 음료'),
(8,2,'티 (Tea)'),
(9,2,'시그니처'),
(10,2,'버블티'),
(11,2,'주스'),
(12,3,'커피 (2 shot)'),
(13,3,'라떼'),
(14,3,'밀크티'),
(15,3,'버블 라떼'),
(16,3,'Small Size 음료 (1 shot)'),
(17,3,'에이드 & 아이스티'),
(18,3,'주스'),
(19,3,'프라페'),
(20,3,'티 (Tea)'),
(21,3,'쉐이크'),
(22,3,'빙수'),
(23,3,'아이스크림'),
(24,3,'디저트'),
(25,4,'커피'),
(26,4,'라떼'),
(27,4,'과일라떼'),
(28,4,'주스'),
(29,4,'에이드'),
(30,4,'스무디'),
(31,4,'프라페'),
(32,4,'과일차'),
(33,4,'홍차'),
(34,4,'허브차'),
(35,4,'디저트'),
(36,4,'샐러드 & 포케'),
(37,4,'샌드위치'),
(38,4,'세트 메뉴'),
(39,4,'죽'),
(40,5,'토스트'),
(41,6,'빵류'),
(42,6,'음료'),
(43,9,'인쇄'),
(44,9,'홍보물 출력'),
(45,9,'논문 출력'),
(46,9,'제본'),
(47,9,'고속 스캔'),
(48,14,'커피 (2 shot)'),
(49,14,'라떼'),
(50,14,'밀크티'),
(51,14,'버블 라떼'),
(52,14,'Small Size 음료 (1 shot)'),
(53,14,'에이드 & 아이스티'),
(54,14,'주스'),
(55,14,'프라페'),
(56,14,'티 (Tea)'),
(57,14,'디저트 (쿠키 & 마카롱)'),
(58,15,'커피'),
(59,15,'라떼'),
(60,15,'밀크티 & 버블라떼'),
(61,15,'에이드 & 아이스티'),
(62,15,'주스'),
(63,15,'차 & 허브티'),
(64,15,'프라페 & 쉐이크'),
(65,15,'베이커리'),
(66,15,'샌드위치'),
(67,15,'도넛'),
(68,15,'케이크'),
(69,15,'타르트 & 쿠키'),
(70,19,'커피'),
(71,19,'라떼'),
(72,19,'스파클링 & 아이스티'),
(73,19,'프라페'),
(74,19,'Short Size 음료'),
(75,19,'티 (Tea)'),
(76,19,'시그니처'),
(77,19,'버블티'),
(78,19,'주스'),
(79,22,'한식 백반'),
(80,22,'세트메뉴'),
(81,23,'신메뉴 세트'),
(82,23,'떡볶이 세트'),
(83,23,'라볶이 세트'),
(84,23,'떡볶이 (1~2인분)'),
(85,23,'라볶이'),
(86,23,'튀김'),
(87,23,'컵밥'),
(88,23,'사이드'),
(89,23,'음료'),
(90,24,'튀김류'),
(91,24,'음료'),
(92,25,'기본 메뉴'),
(93,25,'세트 메뉴'),
(94,26,'날 위한 돈까스'),
(95,26,'우릴 위한 떡볶이'),
(96,26,'정가네 국수'),
(97,26,'날 위한 간식'),
(98,1,'피자'),
(99,1,'사이드'),
(100,27,'커피'),
(101,27,'라떼'),
(102,27,'에이드 & 아이스티'),
(103,27,'주스'),
(104,27,'스무디'),
(105,27,'티');
/*!40000 ALTER TABLE `menu_category` ENABLE KEYS */;
UNLOCK TABLES;

--
-- Table structure for table `menu_option`
--

DROP TABLE IF EXISTS `menu_option`;
/*!40101 SET @saved_cs_client     = @@character_set_client */;
/*!40101 SET character_set_client = utf8 */;
CREATE TABLE `menu_option` (
  `id` int(11) NOT NULL AUTO_INCREMENT,
  `menu_id` int(11) DEFAULT NULL,
  `option_name` varchar(255) DEFAULT NULL,
  `price` varchar(255) DEFAULT NULL,
  PRIMARY KEY (`id`),
  KEY `menu_id` (`menu_id`),
  CONSTRAINT `menu_option_ibfk_1` FOREIGN KEY (`menu_id`) REFERENCES `menu` (`mid`)
) ENGINE=InnoDB AUTO_INCREMENT=1143 DEFAULT CHARSET=utf8mb4 COLLATE=utf8mb4_general_ci;
/*!40101 SET character_set_client = @saved_cs_client */;

--
-- Dumping data for table `menu_option`
--

LOCK TABLES `menu_option` WRITE;
/*!40000 ALTER TABLE `menu_option` DISABLE KEYS */;
INSERT INTO `menu_option` VALUES
(1,1,'단품','5,900원'),
(2,1,'세트','7,500원'),
(3,2,'단품','5,900원'),
(4,2,'세트','7,500원'),
(5,3,'단품','5,900원'),
(6,3,'세트','7,500원'),
(7,4,'단품','5,900원'),
(8,4,'세트','7,500원'),
(9,5,'한마리','13,000원'),
(10,5,'반마리','7,500원'),
(11,7,'HOT','1,900원'),
(12,8,'HOT','2,600원'),
(13,8,'ICE','2,900원'),
(14,9,'HOT','3,000원'),
(15,9,'ICE','3,300원'),
(16,10,'HOT','3,400원'),
(17,10,'ICE','3,700원'),
(18,11,'HOT','4,900원'),
(19,11,'ICE','5,200원'),
(20,12,'HOT','3,500원'),
(21,12,'ICE','3,800원'),
(22,13,'HOT','4,200원'),
(23,13,'ICE','4,500원'),
(24,14,'HOT','4,200원'),
(25,14,'ICE','4,500원'),
(26,15,'HOT','4,200원'),
(27,15,'ICE','4,500원'),
(28,16,'HOT','2,500원'),
(29,17,'ICE','3,500원'),
(30,18,'ICE','4,300원'),
(31,19,'ICE','4,600원'),
(32,20,'ICE','4,600원'),
(33,21,'ICE','4,100원'),
(34,22,'ICE','4,100원'),
(35,23,'ICE','3,900원'),
(36,24,'HOT','3,900원'),
(37,24,'ICE','4,200원'),
(38,25,'HOT','3,900원'),
(39,25,'ICE','4,200원'),
(40,26,'HOT','3,900원'),
(41,26,'ICE','4,200원'),
(42,27,'HOT','3,900원'),
(43,27,'ICE','4,200원'),
(44,28,'HOT','4,200원'),
(45,28,'ICE','4,500원'),
(46,29,'HOT','4,000원'),
(47,29,'ICE','4,300원'),
(48,30,'ICE','4,300원'),
(49,31,'ICE','4,000원'),
(50,32,'ICE','2,900원'),
(51,33,'ICE','3,900원'),
(52,34,'ICE','4,000원'),
(53,35,'ICE','3,900원'),
(54,36,'ICE','3,700원'),
(55,37,'ICE','3,900원'),
(56,38,'ICE','4,300원'),
(57,39,'ICE','4,500원'),
(58,40,'ICE','4,100원'),
(59,41,'ICE','4,300원'),
(60,42,'ICE','4,200원'),
(61,43,'ICE','4,300원'),
(62,44,'ICE','4,300원'),
(63,45,'ICE','4,500원'),
(64,46,'ICE','4,600원'),
(65,47,'ICE','4,700원'),
(66,48,'ICE','4,300원'),
(67,49,'ICE','4,500원'),
(68,50,'ICE','4,500원'),
(69,51,'HOT','1,900원'),
(70,51,'ICE','2,200원'),
(71,52,'HOT','2,800원'),
(72,52,'ICE','3,100원'),
(73,53,'HOT','3,500원'),
(74,53,'ICE','3,800원'),
(75,54,'HOT','3,900원'),
(76,54,'ICE','4,100원'),
(77,55,'HOT','3,900원'),
(78,55,'ICE','4,100원'),
(79,56,'HOT','3,800원'),
(80,56,'ICE','4,100원'),
(81,57,'HOT','3,700원'),
(82,57,'ICE','4,000원'),
(83,58,'HOT','3,900원'),
(84,58,'ICE','4,100원'),
(85,59,'HOT','3,900원'),
(86,59,'ICE','4,100원'),
(87,60,'HOT','3,800원'),
(88,61,'HOT','4,400원'),
(89,62,'ICE','4,800원'),
(90,63,'ICE','4,800원'),
(91,64,'ICE','4,800원'),
(92,65,'ICE','4,800원'),
(93,66,'ICE','5,000원'),
(94,67,'ICE','4,900원'),
(95,68,'ICE','4,800원'),
(96,69,'ICE','4,800원'),
(97,70,'ICE','5,000원'),
(98,71,'ICE','4,000원'),
(99,72,'ICE','4,000원'),
(100,73,'ICE','4,200원'),
(101,74,'HOT','1,900원'),
(102,75,'HOT','2,600원'),
(103,75,'ICE','2,900원'),
(104,76,'HOT','3,100원'),
(105,76,'ICE','3,400원'),
(106,77,'HOT','3,000원'),
(107,77,'ICE','3,300원'),
(108,78,'HOT','3,400원'),
(109,78,'ICE','3,700원'),
(110,79,'HOT','3,800원'),
(111,79,'ICE','4,100원'),
(112,80,'HOT','3,500원'),
(113,80,'ICE','3,800원'),
(114,81,'HOT','4,200원'),
(115,81,'ICE','4,500원'),
(116,82,'HOT','4,200원'),
(117,82,'ICE','4,500원'),
(118,83,'ICE','3,500원'),
(119,84,'ICE','4,300원'),
(120,85,'HOT','4,000원'),
(121,85,'ICE','4,300원'),
(122,86,'HOT','4,300원'),
(123,86,'ICE','4,600원'),
(124,87,'ICE','4,800원'),
(125,88,'ICE','4,600원'),
(126,89,'HOT','3,900원'),
(127,89,'ICE','4,200원'),
(128,90,'HOT','3,900원'),
(129,90,'ICE','4,200원'),
(130,91,'HOT','4,200원'),
(131,91,'ICE','4,500원'),
(132,92,'ICE','4,200원'),
(133,93,'ICE','4,400원'),
(134,94,'ICE','4,400원'),
(135,95,'ICE','4,500원'),
(136,96,'HOT','2,500원'),
(137,97,'ICE','3,900원'),
(138,98,'ICE','4,700원'),
(139,99,'ICE','4,700원'),
(140,100,'ICE','5,000원'),
(141,101,'HOT','1,900원'),
(142,101,'ICE','2,200원'),
(143,102,'HOT','2,800원'),
(144,102,'ICE','3,100원'),
(145,103,'ICE','2,900원'),
(146,104,'ICE','2,900원'),
(147,105,'ICE','3,900원'),
(148,106,'ICE','3,900원'),
(149,107,'ICE','3,900원'),
(150,108,'ICE','3,900원'),
(151,109,'ICE','4,200원'),
(152,110,'ICE','4,000원'),
(153,111,'ICE','4,500원'),
(154,112,'ICE','4,000원'),
(155,113,'ICE','4,100원'),
(156,114,'ICE','4,300원'),
(157,115,'ICE','4,400원'),
(158,116,'ICE','4,200원'),
(159,117,'ICE','4,300원'),
(160,118,'ICE','4,300원'),
(161,119,'ICE','4,300원'),
(162,120,'ICE','4,500원'),
(163,121,'ICE','4,700원'),
(164,122,'ICE','4,700원'),
(165,123,'ICE','4,500원'),
(166,124,'HOT','3,500원'),
(167,124,'ICE','3,800원'),
(168,125,'HOT','3,900원'),
(169,125,'ICE','4,100원'),
(170,126,'HOT','3,900원'),
(171,126,'ICE','4,100원'),
(172,127,'HOT','3,700원'),
(173,127,'ICE','4,000원'),
(174,128,'HOT','3,700원'),
(175,128,'ICE','4,000원'),
(176,129,'HOT','3,700원'),
(177,129,'ICE','4,000원'),
(178,130,'HOT','3,700원'),
(179,130,'ICE','4,000원'),
(180,131,'HOT','3,700원'),
(181,131,'ICE','4,000원'),
(182,132,'HOT','3,900원'),
(183,132,'ICE','4,100원'),
(184,133,'HOT','3,900원'),
(185,133,'ICE','4,100원'),
(186,134,'ICE','4,300원'),
(187,135,'ICE','4,500원'),
(188,136,'ICE','4,400원'),
(189,137,'ICE','4,900원'),
(190,138,'1인','4,600원'),
(191,138,'2인','9,200원'),
(192,139,'1인','4,900원'),
(193,139,'2인','9,800원'),
(194,140,'1인','4,900원'),
(195,140,'2인','9,800원'),
(196,141,'1인','4,100원'),
(197,141,'2인','8,200원'),
(198,142,'1인','4,400원'),
(199,142,'2인','8,800원'),
(200,143,'1인','4,200원'),
(201,143,'2인','8,400원'),
(202,144,'ICE','2,400원'),
(203,145,'ICE','2,400원'),
(204,146,'ICE','2,300 ~ 3,600원'),
(205,147,'ICE','3,000 ~ 4,000원'),
(206,148,'HOT / ICE','2,900원'),
(207,149,'HOT / ICE','3,200원'),
(208,150,'HOT / ICE','3,200원'),
(209,151,'HOT / ICE','3,700원'),
(210,152,'HOT / ICE','3,200원'),
(211,153,'HOT / ICE','3,700원'),
(212,154,'HOT / ICE','3,700원'),
(213,155,'HOT / ICE','3,200원'),
(214,156,'HOT / ICE','3,700원'),
(215,157,'HOT / ICE','3,700원'),
(216,158,'HOT / ICE','3,700원'),
(217,159,'HOT / ICE','3,700원'),
(218,160,'HOT / ICE','4,000원'),
(219,161,'HOT','3,400원'),
(220,162,'HOT','3,400원'),
(221,163,'HOT / ICE','3,700원'),
(222,164,'HOT / ICE','3,700원'),
(223,165,'HOT / ICE','4,000원'),
(224,166,'HOT / ICE','4,000원'),
(225,167,'HOT / ICE','4,000원'),
(226,168,'HOT / ICE','4,300원'),
(227,169,'HOT / ICE','4,300원'),
(228,170,'ICE','4,300원'),
(229,171,'ICE','4,300원'),
(230,172,'ICE','4,300원'),
(231,173,'ICE','4,300원'),
(232,174,'ICE','4,300원'),
(233,175,'ICE','4,300원'),
(234,176,'ICE','4,300원'),
(235,177,'ICE','4,300원'),
(236,178,'ICE','4,300원'),
(237,179,'ICE','4,400원'),
(238,180,'ICE','4,700원'),
(239,181,'ICE','3,900원'),
(240,182,'ICE','3,900원'),
(241,183,'ICE','3,900원'),
(242,184,'ICE','3,900원'),
(243,185,'ICE','3,900원'),
(244,186,'ICE','3,900원'),
(245,187,'ICE','4,500원'),
(246,188,'ICE','4,500원'),
(247,189,'ICE','3,700원'),
(248,190,'딸기','3,900원'),
(249,190,'블루베리','3,900원'),
(250,190,'키위','3,900원'),
(251,190,'유자','3,900원'),
(252,190,'망고','3,900원'),
(253,190,'복숭아','4,400원'),
(254,190,'청포도','4,400원'),
(255,190,'패션후르츠','4,400원'),
(256,191,'딸기+바나나','4,400원'),
(257,191,'블루베리+바나나','4,400원'),
(258,191,'망고+바나나','4,400원'),
(259,191,'키위+바나나','4,400원'),
(260,191,'유자+바나나','4,400원'),
(261,192,'ICE','3,900원'),
(262,193,'ICE','3,900원'),
(263,194,'ICE','4,200원'),
(264,195,'ICE','3,900원'),
(265,196,'ICE','4,400원'),
(266,197,'ICE','4,200원'),
(267,198,'ICE','4,200원'),
(268,199,'ICE','4,200원'),
(269,200,'ICE','4,200원'),
(270,201,'ICE','4,600원'),
(271,202,'ICE','4,600원'),
(272,203,'HOT / ICE','3,900원'),
(273,204,'HOT / ICE','3,900원'),
(274,205,'HOT / ICE','3,900원'),
(275,206,'HOT / ICE','3,900원'),
(276,207,'HOT / ICE','3,900원'),
(277,208,'HOT / ICE','3,900원'),
(278,209,'HOT / ICE','3,900원'),
(279,210,'HOT / ICE','2,900원'),
(280,211,'HOT / ICE','3,600원'),
(281,212,'HOT / ICE','3,700원'),
(282,213,'HOT / ICE','2,900원'),
(283,214,'HOT / ICE','2,900원'),
(284,215,'HOT / ICE','3,700원'),
(285,216,'HOT / ICE','2,900원'),
(286,217,'HOT / ICE','2,900원'),
(287,218,'HOT / ICE','2,900원'),
(288,219,'HOT / ICE','2,900원'),
(289,220,'HOT / ICE','2,900원'),
(290,221,'HOT / ICE','2,900원'),
(291,222,'HOT / ICE','2,900원'),
(292,223,'','2,900원'),
(293,224,'','3,000원'),
(294,225,'','8,900원'),
(295,226,'','8,900원'),
(296,227,'','8,900원'),
(297,228,'','8,900원'),
(298,229,'','8,900원'),
(299,230,'','8,900원'),
(300,231,'','8,900원'),
(301,232,'','8,900원'),
(302,233,'','8,900원'),
(303,234,'','6,300원'),
(304,235,'','8,900원'),
(305,236,'','8,900원'),
(306,237,'','8,900원'),
(307,238,'','8,900원'),
(308,239,'','8,900원'),
(309,240,'','8,900원'),
(310,241,'','8,900원'),
(311,242,'','6,300원'),
(312,243,'','6,300원'),
(313,244,'','6,300원'),
(314,245,'','4,900원'),
(315,246,'','6,300원'),
(316,247,'','6,300원'),
(317,248,'','3,000원'),
(318,249,'','8,900원'),
(319,250,'','11,000원'),
(320,251,'','8,500원'),
(321,252,'','5,200원'),
(322,253,'','8,900원'),
(323,254,'','5,600원'),
(324,255,'','8,200원'),
(325,256,'','10,200원'),
(326,257,'','10,900원'),
(327,258,'','8,600원'),
(328,259,'','8,200원'),
(329,260,'','8,600원'),
(330,261,'','3,800원'),
(331,262,'','4,700원'),
(332,263,'','4,300원'),
(333,264,'','4,100원'),
(334,265,'','3,300원'),
(335,266,'','3,700원'),
(336,267,'','4,300원'),
(337,268,'','4,700원'),
(338,269,'','4,800원'),
(339,270,'','4,700원'),
(340,271,'','5,300원'),
(341,272,'','4,900원'),
(342,273,'','4,800원'),
(343,274,'','4,800원'),
(344,275,'','4,700원'),
(345,276,'','4,300원'),
(346,277,'','4,600원'),
(347,278,'','4,700원'),
(348,279,'','4,300원'),
(349,280,'','4,500원'),
(350,281,'','4,400원'),
(351,282,'','4,400원'),
(352,283,'NEW 정통고로케','2,700원'),
(353,283,'NEW 김치고로케','2,700원'),
(354,283,'NEW 바베큐치킨고로케','2,700원'),
(355,283,'옛날꽈배기 도넛','1,700원'),
(356,283,'추억의 사라다 고로케','3,400원'),
(357,283,'딸기마카롱 도넛','1,900원'),
(358,283,'초코마카롱 도넛','1,900원'),
(359,283,'쫄깃한 찹쌀 도넛','1,600원'),
(360,283,'충남예산 쪽파 송송 고로케','2,900원'),
(361,284,'2배 더 진해진 순진우유식빵 (1/2)','2,500원'),
(362,284,'기본좋은 소버식빵','4,000원'),
(363,284,'데일리 우유식빵','3,500원'),
(364,284,'고소한 곡물식빵','4,700원'),
(365,285,'호두연유 바게트','4,000원'),
(366,285,'갈릭치즈 바게트','3,900원'),
(367,285,'꿀버터 바게트','2,800원'),
(368,285,'데일리 크림치즈 베이글 (월넛)','3,800원'),
(369,285,'기본좋은 쌀베이글','2,400원'),
(370,285,'기본좋은 올리브베이글','2,600원'),
(371,285,'기본좋은 세서미베이글','2,600원'),
(372,286,'부드러운 후레쉬크림 샌드빵','5,700원'),
(373,286,'단팥빵','1,800원'),
(374,286,'소보로빵','1,800원'),
(375,286,'후레쉬크림빵 (버터크림빵)','1,800원'),
(376,286,'슈크림빵','1,800원'),
(377,286,'빵속에 리얼초코','2,300원'),
(378,286,'완두앙금빵','1,800원'),
(379,286,'사르르고구마 케이크빵','2,800원'),
(380,286,'리얼초코 소라빵','2,200원'),
(381,286,'땅콩크림 소보로','2,700원'),
(382,286,'크림치즈 월넛브레드','5,200원'),
(383,286,'마담얼그레이 크림번','3,000원'),
(384,286,'순수한맛 순우유롤 (8개입/봉)','4,800원'),
(385,286,'깨찰빵','1,400원'),
(386,286,'카페모카빵(소)','2,700원'),
(387,286,'카페모카 크림빵(소)','3,300원'),
(388,286,'순진우유 크림빵','2,400원'),
(389,286,'치즈치즈번','2,800원'),
(390,286,'소금버터롤','2,500원'),
(391,286,'순진크림 치즈빵','2,600원'),
(392,286,'까망쿠키 속 리얼말차크림빵','3,100원'),
(393,286,'크림가득 메론빵','2,700원'),
(394,286,'카스테라 우유 크림볼','4,300원'),
(395,287,'피자토스트','2,200원'),
(396,287,'크로크무슈','2,000원'),
(397,287,'NEW 어니언소시지 포카치아','2,800원'),
(398,287,'옥수수범벅','2,300원'),
(399,287,'낙엽소시지 브레드','2,600원'),
(400,287,'에그톡톡 토스트','3,800원'),
(401,287,'뚜레1번가 치킨치즈롤','4,500원'),
(402,287,'햄야채롤 (6개입)','3,800원'),
(403,287,'뚜쥬맘계란토스트 (1/2)','2,800원'),
(404,288,'핫도그 페스트리','3,600원'),
(405,288,'카라멜 애플파이','2,800원'),
(406,288,'새콤달콤 유자파이','2,800원'),
(407,288,'오리지널 크라상','2,300원'),
(408,288,'페스트리에 빠진 에그푸딩','3,200원'),
(409,288,'남해마늘로 만든 버터갈릭꽈배기','2,800원'),
(410,288,'겹겹이 말차퐁당','3,400원'),
(411,288,'한장씩 뜯어먹는 32겹브레드','4,800원'),
(412,289,'REGULAR (HOT/ICED)','2,400원'),
(413,290,'REGULAR (HOT/ICED)','2,400원'),
(414,290,'LARGE (ICED)','2,900원'),
(415,291,'REGULAR (HOT/ICED)','3,000원'),
(416,291,'LARGE (ICED)','3,500원'),
(417,292,'REGULAR (HOT/ICED)','3,600원'),
(418,292,'LARGE (ICED)','4,100원'),
(419,293,'REGULAR (HOT/ICED)','3,600원'),
(420,293,'LARGE (ICED)','4,100원'),
(421,294,'REGULAR (HOT/ICED)','3,600원'),
(422,294,'LARGE (ICED)','4,100원'),
(423,295,'REGULAR (HOT/ICED)','3,800원'),
(424,296,'REGULAR (HOT/ICED)','4,300원'),
(425,297,'REGULAR (HOT/ICED)','4,600원'),
(426,298,'LARGE (ICED)','4,200원'),
(427,299,'LARGE (ICED)','3,000원'),
(428,300,'REGULAR (ICED)','4,-00원'),
(429,301,'REGULAR (ICED)','4,-00원'),
(430,302,'REGULAR (ICED)','3,-00원'),
(431,303,'REGULAR (ICED)','3,-00원'),
(432,304,'REGULAR (ICED)','4,-00원'),
(433,305,'REGULAR (ICED)','4,-00원'),
(434,306,'REGULAR (ICED)','4,-00원'),
(435,307,'REGULAR (HOT/ICED)','2,-00원'),
(436,308,'REGULAR (HOT/ICED)','2,-00원'),
(437,309,'REGULAR (HOT)','3,-00원'),
(438,310,'REGULAR (HOT/ICED)','-,-00원'),
(439,311,'흑백, 페이지 당','50원'),
(440,311,'칼라, 페이지 당','300원'),
(441,311,'두꺼운 용지','+ 500원'),
(442,312,'라벨지','1,000원'),
(443,312,'원형 라벨지','1,500원'),
(444,313,'흑백, 페이지 당','100원'),
(445,313,'칼라, 페이지 당','600원'),
(446,313,'두꺼운 용지','+ 1,000원'),
(447,314,'일반지','8,800원'),
(448,314,'인화지 (무광, 유광 동일)','15,000원'),
(449,315,'일반지','11,000원'),
(450,315,'인화지','25,000원'),
(451,316,'일반지','19,800원'),
(452,316,'인화지','35,000원'),
(453,317,'개 당','1,300원'),
(454,318,'사이즈에 따라 가격 변동, 문의 바람',''),
(455,319,'A2','20,000원'),
(456,319,'A1','30,000원'),
(457,319,'A0','45,000원'),
(458,319,'다른 사이즈는 문의 바람',''),
(459,320,'아르떼, 기본 200매 기준','19,500원'),
(460,320,'옵셋인쇄','25,000원'),
(461,321,'개 당','1,500원'),
(462,322,'220*55 기준','30,000원'),
(463,323,'실외, 실내용 인쇄','30,000원'),
(464,323,'실내용 지지대','15,000원'),
(465,323,'실외용 지지대','30,000원'),
(466,324,'10부','180,000원'),
(467,324,'20부','200,000원'),
(468,324,'30부','295,000원'),
(469,325,'기본(플라스틱)','2,500원'),
(470,325,'철','3,000원'),
(471,325,'두께가 두꺼워지거나 크기가 A4 이상이면 추가금','+ 500원'),
(472,326,'권 당 (표지 시안 확인 작업 필요)','3,500원'),
(473,327,'페이지 당','50원'),
(474,328,'페이지 당','70원'),
(475,329,'HOT','1,900원'),
(476,330,'HOT','2,600원'),
(477,330,'ICE','2,900원'),
(478,331,'HOT','3,100원'),
(479,331,'ICE','3,400원'),
(480,332,'HOT','3,000원'),
(481,332,'ICE','3,300원'),
(482,333,'HOT','3,400원'),
(483,333,'ICE','3,700원'),
(484,334,'HOT','3,800원'),
(485,334,'ICE','4,100원'),
(486,335,'HOT','3,500원'),
(487,335,'ICE','3,800원'),
(488,336,'HOT','4,200원'),
(489,336,'ICE','4,500원'),
(490,337,'HOT','4,200원'),
(491,337,'ICE','4,500원'),
(492,338,'ICE','3,500원'),
(493,339,'ICE','4,300원'),
(494,340,'HOT','3,900원'),
(495,340,'ICE','4,200원'),
(496,341,'HOT','3,900원'),
(497,341,'ICE','4,200원'),
(498,342,'HOT','4,200원'),
(499,342,'ICE','4,500원'),
(500,343,'ICE','4,200원'),
(501,344,'ICE','4,400원'),
(502,345,'ICE','4,400원'),
(503,346,'HOT','2,500원'),
(504,347,'ICE','4,700원'),
(505,348,'ICE','4,700원'),
(506,349,'ICE','5,000원'),
(507,350,'HOT','1,900원'),
(508,350,'ICE','2,200원'),
(509,351,'HOT','2,800원'),
(510,351,'ICE','3,100원'),
(511,352,'ICE','2,900원'),
(512,353,'ICE','2,900원'),
(513,354,'ICE','3,900원'),
(514,355,'ICE','3,900원'),
(515,356,'ICE','3,900원'),
(516,357,'ICE','3,900원'),
(517,358,'ICE','4,200원'),
(518,359,'ICE','4,000원'),
(519,360,'ICE','4,100원'),
(520,361,'ICE','4,300원'),
(521,362,'ICE','4,200원'),
(522,363,'ICE','4,300원'),
(523,364,'ICE','4,300원'),
(524,365,'ICE','4,300원'),
(525,366,'ICE','4,500원'),
(526,367,'ICE','4,700원'),
(527,368,'ICE','4,700원'),
(528,369,'HOT','3,500원'),
(529,369,'ICE','3,800원'),
(530,370,'HOT','3,900원'),
(531,370,'ICE','4,100원'),
(532,371,'HOT','3,900원'),
(533,371,'ICE','4,100원'),
(534,372,'HOT','3,700원'),
(535,372,'ICE','4,000원'),
(536,373,'HOT','3,700원'),
(537,373,'ICE','4,000원'),
(538,374,'HOT','3,700원'),
(539,374,'ICE','4,000원'),
(540,375,'HOT','3,700원'),
(541,375,'ICE','4,000원'),
(542,376,'HOT','3,700원'),
(543,376,'ICE','4,000원'),
(544,377,'HOT','3,900원'),
(545,377,'ICE','4,100원'),
(546,378,'','2,500원'),
(547,379,'','2,800원'),
(548,380,'','2,800원'),
(549,381,'','3,000원'),
(550,382,'','3,000원'),
(551,383,'','3,200원'),
(552,384,'','3,200원'),
(553,385,'','3,000 ~ 3,200원'),
(554,386,'HOT','2,000원'),
(555,387,'HOT','2,000원'),
(556,387,'ICE','2,300원'),
(557,388,'HOT','2,600원'),
(558,388,'ICE','2,900원'),
(559,389,'HOT','2,400원'),
(560,389,'ICE','2,700원'),
(561,390,'HOT','2,800원'),
(562,390,'ICE','3,100원'),
(563,391,'HOT','3,100원'),
(564,391,'ICE','3,400원'),
(565,392,'HOT','3,600원'),
(566,392,'ICE','3,900원'),
(567,393,'HOT','3,600원'),
(568,393,'ICE','3,900원'),
(569,394,'HOT','3,600원'),
(570,394,'ICE','3,900원'),
(571,395,'HOT','3,800원'),
(572,395,'ICE','4,100원'),
(573,396,'HOT','3,100원'),
(574,396,'ICE','3,400원'),
(575,397,'HOT','3,700원'),
(576,397,'ICE','4,000원'),
(577,398,'HOT','3,900원'),
(578,398,'ICE','4,200원'),
(579,399,'HOT','3,900원'),
(580,399,'ICE','4,200원'),
(581,400,'ICE','3,600원'),
(582,401,'ICE','4,100원'),
(583,402,'ICE','3,500원'),
(584,403,'ICE','4,000원'),
(585,404,'HOT','2,900원'),
(586,404,'ICE','3,200원'),
(587,405,'ICE','4,500원'),
(588,406,'HOT','3,700원'),
(589,406,'ICE','4,000원'),
(590,407,'HOT','3,700원'),
(591,407,'ICE','4,000원'),
(592,408,'ICE','4,500원'),
(593,409,'ICE','4,000원'),
(594,410,'ICE','3,800원'),
(595,411,'HOT','2,200원'),
(596,412,'ICE','4,000원'),
(597,413,'HOT','3,700원'),
(598,413,'ICE','4,000원'),
(599,414,'HOT','3,700원'),
(600,414,'ICE','4,000원'),
(601,415,'HOT','3,700원'),
(602,415,'ICE','4,000원'),
(603,416,'ICE','4,300원'),
(604,417,'HOT','4,500원'),
(605,417,'ICE','4,500원'),
(606,418,'HOT','4,500원'),
(607,418,'ICE','4,500원'),
(608,419,'ICE','4,500원'),
(609,420,'ICE','2,900원'),
(610,421,'ICE','4,200원'),
(611,422,'ICE','4,200원'),
(612,423,'ICE','4,200원'),
(613,424,'ICE','3,900원'),
(614,425,'ICE','3,900원'),
(615,426,'ICE','3,900원'),
(616,427,'ICE','4,000원'),
(617,428,'ICE','4,300원'),
(618,429,'ICE','4,500원'),
(619,430,'ICE','4,500원'),
(620,431,'ICE','4,500원'),
(621,432,'HOT','3,600원'),
(622,432,'ICE','3,900원'),
(623,433,'HOT','3,600원'),
(624,433,'ICE','3,900원'),
(625,434,'HOT','3,600원'),
(626,434,'ICE','3,900원'),
(627,435,'HOT','3,600원'),
(628,435,'ICE','3,900원'),
(629,436,'HOT','3,800원'),
(630,436,'ICE','4,100원'),
(631,437,'HOT','3,700원'),
(632,437,'ICE','4,000원'),
(633,438,'HOT','2,900원'),
(634,438,'ICE','3,200원'),
(635,439,'ICE','3,900원'),
(636,440,'ICE','4,000원'),
(637,441,'ICE','4,000원'),
(638,442,'ICE','4,300원'),
(639,443,'ICE','4,500원'),
(640,444,'ICE','4,500원'),
(641,445,'ICE','4,500원'),
(642,446,'ICE','3,000원'),
(643,447,'ICE','3,000원'),
(644,448,'ICE','3,000원'),
(645,449,'ICE','4,500원'),
(646,450,'ICE','4,500원'),
(647,451,'','5,000원'),
(648,452,'','3,300원'),
(649,453,'','2,600원'),
(650,454,'','2,600원'),
(651,455,'','2,500원'),
(652,456,'','2,500원'),
(653,457,'','2,500원'),
(654,458,'','1,000원'),
(655,459,'','1,400원'),
(656,460,'','1,800원'),
(657,461,'','4,000원'),
(658,462,'','4,000원'),
(659,463,'','3,000원'),
(660,464,'','3,000원'),
(661,465,'','2,800원'),
(662,466,'','1,400원'),
(663,467,'','2,000원'),
(664,468,'','1,000원'),
(665,469,'','1,500원'),
(666,470,'6개','3,500원'),
(667,471,'','3,000원'),
(668,472,'','2,800원'),
(669,473,'','2,500원'),
(670,474,'','2,600원'),
(671,475,'','2,800원'),
(672,476,'','3,000원'),
(673,477,'','4,800원'),
(674,478,'','1,000원'),
(675,479,'','3,200원'),
(676,480,'','3,000원'),
(677,481,'','2,000원'),
(678,482,'','2,000원'),
(679,483,'','2,000원'),
(680,484,'','3,500원'),
(681,485,'','3,500원'),
(682,486,'','2,800원'),
(683,487,'','3,000원'),
(684,488,'','3,600원'),
(685,489,'','2,800원'),
(686,490,'','1,800원'),
(687,491,'','4,500원'),
(688,492,'','4,000원'),
(689,493,'','3,500원'),
(690,494,'','4,000원'),
(691,495,'','6,000원'),
(692,496,'','6,000원'),
(693,497,'','5,500원'),
(694,498,'','5,500원'),
(695,499,'달콤','5,500원'),
(696,499,'칠리','5,500원'),
(697,500,'에그','3,800원'),
(698,500,'포테이토','3,800원'),
(699,501,'','6,300원'),
(700,502,'','5,500원'),
(701,503,'','5,500원'),
(702,504,'바베큐치킨','6,000원'),
(703,504,'핫치킨','6,000원'),
(704,505,'','6,500원'),
(705,506,'','3,600원'),
(706,507,'','3,600원'),
(707,508,'','1,500원'),
(708,509,'','1,700원'),
(709,510,'','1,900원'),
(710,511,'','3,800원'),
(711,512,'','2,200원'),
(712,513,'','2,000원'),
(713,514,'','2,000원'),
(714,515,'','2,400원'),
(715,516,'','2,400원'),
(716,517,'','3,000원'),
(717,518,'','6,000원'),
(718,519,'','6,000원'),
(719,520,'','4,000원'),
(720,521,'','4,000원'),
(721,522,'','4,000원'),
(722,523,'','7,000원'),
(723,524,'','7,000원'),
(724,525,'','4,000원'),
(725,526,'','4,000원'),
(726,527,'','7,000원'),
(727,528,'','5,500원'),
(728,529,'','5,000원'),
(729,530,'','5,000원'),
(730,531,'','6,500원'),
(731,532,'','6,500원'),
(732,533,'','6,000원'),
(733,534,'','6,000원'),
(734,535,'','6,000원'),
(735,536,'','6,500원'),
(736,537,'','6,000원'),
(737,538,'','6,000원'),
(738,539,'','5,000원'),
(739,540,'','5,000원'),
(740,541,'','7,000원'),
(741,542,'','6,500원'),
(742,543,'','6,500원'),
(743,544,'','6,500원'),
(744,544,'','6,500원'),
(745,545,'','6,000원'),
(746,546,'','6,000원'),
(747,547,'','5,000원'),
(748,548,'','5,000원'),
(749,549,'','6,000원'),
(750,550,'','5,000원'),
(751,551,'','5,500원'),
(752,552,'','6,000원'),
(753,553,'','5,500원'),
(754,554,'','6,500원'),
(755,555,'','6,000원'),
(756,556,'','5,500원'),
(757,557,'','6,500원'),
(758,558,'','6,500원'),
(759,559,'','6,500원'),
(760,560,'','5,500원'),
(761,561,'','7,500원'),
(762,562,'','4,000원'),
(763,563,'','4,500원'),
(764,564,'','6,000원'),
(765,565,'','4,000원'),
(766,566,'','6,000원'),
(767,567,'','4,000원'),
(768,568,'','7,000원'),
(769,569,'','5,200원'),
(770,570,'','6,500원'),
(771,571,'','6,000원'),
(772,572,'','6,000원'),
(773,573,'','6,000원'),
(774,574,'','5,500원'),
(775,575,'','7,500원'),
(776,576,'','6,300원'),
(777,577,'','6,500원'),
(778,578,'','3,800원'),
(779,579,'','6,500원'),
(780,580,'','6,000원'),
(781,581,'','6,000원'),
(782,582,'','6,000원'),
(783,583,'','3,200원'),
(784,584,'','3,500원'),
(785,585,'','3,200원'),
(786,586,'','2,500원'),
(787,587,'','2,500원'),
(788,588,'','2,500원'),
(789,589,'','3,000원'),
(790,590,'','6,500원'),
(791,591,'','6,500원'),
(792,592,'소','2,800원'),
(793,592,'대','6,500원'),
(794,593,'','3,000원'),
(795,594,'','3,500원'),
(796,595,'','5,500원'),
(797,596,'','5,000원'),
(798,597,'','5,500원'),
(799,598,'','4,200원'),
(800,599,'','4,500원'),
(801,600,'','4,500원'),
(802,601,'','3,800원'),
(803,602,'','3,800원'),
(804,603,'','1,800원'),
(805,604,'','1,500원'),
(806,605,'','850원'),
(807,606,'','1,500원'),
(808,607,'','1,300원'),
(809,608,'','2,000원'),
(810,609,'','3,500원'),
(811,610,'','3,500원'),
(812,611,'','3,000원'),
(813,612,'','1,800원'),
(814,613,'HOT','1,900원'),
(815,614,'HOT','2,600원'),
(816,614,'ICE','2,900원'),
(817,615,'HOT','3,000원'),
(818,615,'ICE','3,300원'),
(819,616,'HOT','3,400원'),
(820,616,'ICE','3,700원'),
(821,617,'HOT','4,900원'),
(822,617,'ICE','5,200원'),
(823,618,'HOT','3,500원'),
(824,618,'ICE','3,800원'),
(825,619,'HOT','4,200원'),
(826,619,'ICE','4,500원'),
(827,620,'HOT','4,200원'),
(828,620,'ICE','4,500원'),
(829,621,'HOT','4,200원'),
(830,621,'ICE','4,500원'),
(831,622,'HOT','2,500원'),
(832,623,'ICE','3,500원'),
(833,624,'ICE','4,300원'),
(834,625,'ICE','4,600원'),
(835,626,'ICE','4,600원'),
(836,627,'ICE','4,100원'),
(837,628,'ICE','4,100원'),
(838,629,'ICE','3,900원'),
(839,630,'HOT','3,900원'),
(840,630,'ICE','4,200원'),
(841,631,'HOT','3,900원'),
(842,631,'ICE','4,200원'),
(843,632,'HOT','3,900원'),
(844,632,'ICE','4,200원'),
(845,633,'HOT','3,900원'),
(846,633,'ICE','4,200원'),
(847,634,'HOT','4,200원'),
(848,634,'ICE','4,500원'),
(849,635,'HOT','4,000원'),
(850,635,'ICE','4,300원'),
(851,636,'ICE','4,300원'),
(852,637,'ICE','4,000원'),
(853,638,'ICE','2,900원'),
(854,639,'ICE','3,900원'),
(855,640,'ICE','4,000원'),
(856,641,'ICE','3,900원'),
(857,642,'ICE','3,700원'),
(858,643,'ICE','3,900원'),
(859,644,'ICE','4,300원'),
(860,645,'ICE','4,500원'),
(861,646,'ICE','4,100원'),
(862,647,'ICE','4,300원'),
(863,648,'ICE','4,200원'),
(864,649,'ICE','4,300원'),
(865,650,'ICE','4,300원'),
(866,651,'ICE','4,500원'),
(867,652,'ICE','4,600원'),
(868,653,'ICE','4,700원'),
(869,654,'ICE','4,300원'),
(870,655,'ICE','4,500원'),
(871,656,'ICE','4,500원'),
(872,657,'HOT','1,900원'),
(873,657,'ICE','2,200원'),
(874,658,'HOT','2,800원'),
(875,658,'ICE','3,100원'),
(876,659,'HOT','3,500원'),
(877,659,'ICE','3,800원'),
(878,660,'HOT','3,900원'),
(879,660,'ICE','4,100원'),
(880,661,'HOT','3,900원'),
(881,661,'ICE','4,100원'),
(882,662,'HOT','3,800원'),
(883,662,'ICE','4,100원'),
(884,663,'HOT','3,700원'),
(885,663,'ICE','4,000원'),
(886,664,'HOT','3,900원'),
(887,664,'ICE','4,100원'),
(888,665,'HOT','3,900원'),
(889,665,'ICE','4,100원'),
(890,666,'HOT','3,800원'),
(891,667,'HOT','4,400원'),
(892,668,'ICE','4,800원'),
(893,669,'ICE','4,800원'),
(894,670,'ICE','4,800원'),
(895,671,'ICE','4,800원'),
(896,672,'ICE','5,000원'),
(897,673,'ICE','4,900원'),
(898,674,'ICE','4,800원'),
(899,675,'ICE','4,800원'),
(900,676,'ICE','5,000원'),
(901,677,'ICE','4,000원'),
(902,678,'ICE','4,000원'),
(903,679,'ICE','4,200원'),
(904,680,'','6,900원'),
(905,681,'','8,300원'),
(906,682,'떡볶이+닭강정+쫄깃순대+콜라500ml','20,200원'),
(907,683,'치즈가폭포처럼+닭강정+콜라500ml','20,900원'),
(908,684,'닭강정+떡볶이 세트','15,700원'),
(909,685,'닭강정+라볶이 세트','16,700원'),
(910,686,'스텔라떡볶이(1.5인분)+인기튀김3가지+음료','11,800원'),
(911,687,'떡볶이(1.5인분)+인기튀김3가지+쫄깃순대+음료','16,200원'),
(912,688,'떡볶이(1.5인분)+인기튀김3가지+쫄깃순대+컵밥+어묵탕+음료','25,000원'),
(913,689,'라볶이+인기튀김3종+쿨피스450ml','12,800원'),
(914,690,'라볶이+인기튀김3종+쫄깃순대+쿨피스450ml','12,800원'),
(915,691,'라볶이+인기튀김3종+쫄깃순대+컵밥+어묵탕+쿨피스930ml','26,000원'),
(916,692,'','14,900원'),
(917,693,'스텔라 떡볶이(1.5인분)','7,500원'),
(918,694,'로제떡볶이 1인~2인(떡+오뎅+파+비엔나소세지)','10,500원'),
(919,695,'스텔라떡볶이 1인~2인+차돌','12,500원'),
(920,696,'스텔라떡볶이 1인~2인+모짜치즈','10,500원'),
(921,697,'마라떡볶이 1인~2인+건두부','14,900원'),
(922,698,'','10,500원'),
(923,699,'슬림떡+치즈+감자튀김+할라피뇨','12,900원'),
(924,700,'','11,500원'),
(925,701,'','13,500원'),
(926,702,'스텔라떡볶이 1인~2인+라면사리','8,500원'),
(927,703,'로제떡볶이+라면사리','11,500원'),
(928,704,'닭강정+라면땅','6,500원'),
(929,705,'닭강정+라면땅','6,500원'),
(930,706,'닭강정+라면땅','6,500원'),
(931,707,'바삭 김말이+바삭 야끼만두+바삭 오징어튀김','3,000원'),
(932,708,'바삭 김말이+바삭 야끼만두+바삭 오징어튀김+통살 새우볼+야채튀김','5,500원'),
(933,709,'1개','1,000원'),
(934,710,'1개','1,000원'),
(935,711,'1개','1,100원'),
(936,712,'1개','1,000원'),
(937,713,'1개','700원'),
(938,714,'1개','1,100원'),
(939,715,'1개','1,000원'),
(940,716,'','3,500원'),
(941,717,'별가루 튀김','1,000원'),
(942,718,'','3,000원'),
(943,719,'','4,500원'),
(944,720,'','4,500원'),
(945,721,'','5,000원'),
(946,722,'','4,500원'),
(947,723,'','4,000원'),
(948,724,'450ml','1,500원'),
(949,724,'930ml','2,000원'),
(950,725,'500ml','2,000원'),
(951,725,'1.25L','3,000원'),
(952,726,'500ml','2,000원'),
(953,726,'1.25L','3,000원'),
(954,727,'500ml','2,000원'),
(955,728,'3개','2,000원'),
(956,729,'3개','2,000원'),
(957,730,'1개','1,500원'),
(958,731,'야채','2,000원'),
(959,731,'고추','2,000원'),
(960,731,'소고기','2,500원'),
(961,732,'소시지','1,500원'),
(962,732,'소시지+치즈','2,000원'),
(963,733,'치즈','2,500원'),
(964,734,'HOT','1,500원'),
(965,735,'HOT','2,500원'),
(966,735,'ICE','2,500원'),
(967,736,'파파야','2,000원'),
(968,736,'파인애플','2,000원'),
(969,736,'청포도','2,000원'),
(970,737,'기본용량','2,000원'),
(971,737,'대용량','3,500원'),
(972,738,'','8,000원'),
(973,739,'','9,000원'),
(974,740,'','8,000원'),
(975,741,'','9,000원'),
(976,742,'','9,400원'),
(977,743,'','10,400원'),
(978,744,'','9,400원'),
(979,745,'','10,400원'),
(980,746,'','7,500원'),
(981,747,'','9,900원'),
(982,748,'','8,500원'),
(983,749,'','8,500원'),
(984,750,'','8,500원'),
(985,751,'','1,000원'),
(986,752,'','3,000원'),
(987,753,'펩시콜라+얼음컵','2,300원'),
(988,753,'칠성사이다+얼음컵','2,300원'),
(989,753,'펩시제로콜라+얼음컵','2,300원'),
(990,753,'칠성제로사이다+얼음컵','2,300원'),
(991,754,'','3,900원'),
(992,755,'','4,900원'),
(993,756,'','5,800원'),
(994,757,'','4,500원'),
(995,758,'1개','900원'),
(996,759,'3개','1,000원'),
(997,760,'5개','1,000원'),
(998,761,'3개','1,000원'),
(999,762,'20개','4,000원'),
(1000,763,'12개','2,800원'),
(1001,764,'','5,800원'),
(1002,765,'','500원'),
(1003,766,'','4,500원'),
(1004,767,'','3,800원'),
(1005,768,'','6,500원'),
(1006,769,'','700원'),
(1007,770,'','7,500원'),
(1008,771,'','7,000원'),
(1009,772,'','7,000원'),
(1010,773,'','7,500원'),
(1011,774,'','7,000원'),
(1012,775,'','7,500원'),
(1013,776,'2개','2,400원'),
(1014,776,'5개','6,000원'),
(1015,777,'','1,000원'),
(1016,778,'','3,500원'),
(1017,779,'','3,900원'),
(1018,780,'','9,900원'),
(1019,781,'','8,900원'),
(1020,782,'','4,500원'),
(1021,783,'','3,500원'),
(1022,784,'','3,500원'),
(1023,785,'','2,500원'),
(1024,786,'','5,800원'),
(1025,787,'','5,500원'),
(1026,788,'','5,500원'),
(1027,789,'','4,200원'),
(1028,790,'','3,900원'),
(1029,791,'펩시콜라+얼음컵','2,300원'),
(1030,791,'칠성사이다+얼음컵','2,300원'),
(1031,791,'펩시제로콜라+얼음컵','2,300원'),
(1032,792,'단품','5,900원'),
(1033,792,'세트','7,500원'),
(1034,6,'한마리','15,000원'),
(1035,6,'반마리','8,500원'),
(1036,793,'한마리','14,000원'),
(1037,793,'반마리','8,500원'),
(1038,794,'한마리','15,000원'),
(1039,794,'반마리','8,500원'),
(1040,795,'한마리','15,000원'),
(1041,795,'반마리','8,500원'),
(1042,796,'','11,000원'),
(1043,797,'','11,000원'),
(1044,798,'치킨+감자튀김','17,000원'),
(1045,799,'치킨+피자+감자튀김','27,000원'),
(1046,800,'','8,000원'),
(1047,801,'','10,000원'),
(1048,802,'','4,000원'),
(1049,803,'치킨양념소스','500원'),
(1050,803,'치떡순소스','500원'),
(1051,803,'간장양념소스','500원'),
(1052,803,'눈물핫소스','500원'),
(1053,804,'HOT','1,900원'),
(1054,805,'HOT','2,900원'),
(1055,805,'ICE','2,900원'),
(1056,806,'HOT','3,900원'),
(1057,806,'ICE','3,900원'),
(1058,807,'HOT','3,300원'),
(1059,807,'ICE','3,300원'),
(1060,808,'HOT','3,500원'),
(1061,808,'ICE','3,500원'),
(1062,809,'HOT','3,900원'),
(1063,809,'ICE','3,900원'),
(1064,810,'HOT','3,900원'),
(1065,810,'ICE','3,900원'),
(1066,811,'HOT','3,900원'),
(1067,811,'ICE','3,900원'),
(1068,812,'HOT','4,000원'),
(1069,812,'ICE','4,000원'),
(1070,813,'HOT','4,300원'),
(1071,813,'ICE','4,300원'),
(1072,814,'HOT','3,500원'),
(1073,814,'ICE','3,500원'),
(1074,815,'HOT','4,300원'),
(1075,815,'ICE','4,300원'),
(1076,816,'HOT','4,300원'),
(1077,816,'ICE','4,300원'),
(1078,817,'','3,900원'),
(1079,818,'ICE','3,900원'),
(1080,819,'ICE','4,300원'),
(1081,820,'HOT','3,900원'),
(1082,820,'ICE','3,900원'),
(1083,821,'HOT','3,900원'),
(1084,821,'ICE','3,900원'),
(1085,822,'HOT','3,900원'),
(1086,822,'ICE','3,900원'),
(1087,823,'HOT','3,900원'),
(1088,823,'ICE','3,900원'),
(1089,824,'HOT','3,900원'),
(1090,824,'ICE','3,900원'),
(1091,825,'ICE','3,900원'),
(1092,826,'ICE','4,000원'),
(1093,827,'ICE','4,000원'),
(1094,828,'ICE','4,000원'),
(1095,829,'ICE','4,000원'),
(1096,830,'ICE','4,000원'),
(1097,831,'','4,000원'),
(1098,832,'','4,000원'),
(1099,833,'','4,000원'),
(1100,834,'','4,000원'),
(1101,835,'','4,000원'),
(1102,836,'','4,000원'),
(1103,837,'','4,200원'),
(1104,838,'','4,200원'),
(1105,839,'','4,200원'),
(1106,840,'','2,900원'),
(1107,841,'','2,900원'),
(1108,842,'','4,000원'),
(1109,843,'','4,000원'),
(1110,844,'','4,000원'),
(1111,845,'','4,200원'),
(1112,846,'','4,000원'),
(1113,847,'','4,000원'),
(1114,848,'','4,000원'),
(1115,849,'','4,300원'),
(1116,850,'','4,300원'),
(1117,851,'','4,300원'),
(1118,852,'','4,300원'),
(1119,853,'','4,300원'),
(1121,854,'HOT','3,500원'),
(1122,854,'ICE','3,500원'),
(1123,855,'HOT','3,800원'),
(1124,855,'ICE','3,800원'),
(1125,856,'HOT','3,800원'),
(1126,856,'ICE','3,800원'),
(1127,857,'HOT','4,000원'),
(1128,857,'ICE','4,000원'),
(1129,858,'HOT','4,000원'),
(1130,858,'ICE','4,000원'),
(1131,859,'HOT','3,900원'),
(1132,859,'ICE','3,900원'),
(1133,860,'HOT','3,900원'),
(1134,860,'ICE','3,900원'),
(1135,861,'HOT','3,900원'),
(1136,861,'ICE','3,900원'),
(1137,862,'HOT','3,900원'),
(1138,862,'ICE','3,900원'),
(1139,863,'HOT','3,900원'),
(1140,863,'ICE','3,900원'),
(1141,864,'HOT','3,900원'),
(1142,864,'ICE','3,900원');
/*!40000 ALTER TABLE `menu_option` ENABLE KEYS */;
UNLOCK TABLES;

--
-- Table structure for table `notice`
--

DROP TABLE IF EXISTS `notice`;
/*!40101 SET @saved_cs_client     = @@character_set_client */;
/*!40101 SET character_set_client = utf8 */;
CREATE TABLE `notice` (
  `id` int(11) NOT NULL AUTO_INCREMENT,
  `store_id` int(11) NOT NULL,
  `title` varchar(200) DEFAULT NULL,
  `content` varchar(5000) DEFAULT NULL,
  `created_at` datetime NOT NULL,
  `updated_at` datetime NOT NULL,
  `is_pinned` tinyint(1) DEFAULT 0,
  PRIMARY KEY (`id`),
  KEY `fk_store_id` (`store_id`),
  CONSTRAINT `fk_store_id` FOREIGN KEY (`store_id`) REFERENCES `store` (`sid`)
) ENGINE=InnoDB AUTO_INCREMENT=15 DEFAULT CHARSET=utf8mb4 COLLATE=utf8mb4_general_ci;
/*!40101 SET character_set_client = @saved_cs_client */;

--
-- Dumping data for table `notice`
--

LOCK TABLES `notice` WRITE;
/*!40000 ALTER TABLE `notice` DISABLE KEYS */;
INSERT INTO `notice` VALUES
(3,1,'BNC 공지 2','공지사항2공지사항2공지사항2공지사항2공지사항2공지사항2공지사항2공지사항2공지사항2공지사항2공지사항2공지사항2공지사항2공지사항2공지사항2공지사항2공지사항2공지사항2공지사항2공지사항2공지사항2공지사항2공지사항2공지사항2공지사항2공지사항2공지사항2공지사항2공지사항2공지사항2','2024-09-08 19:47:07','2024-09-08 19:47:07',0),
(4,1,'BNC 공지 3','공지사항3공지사항3공지사항3공지사항3공지사항3공지사항3공지사항3공지사항3공지사항3공지사항3공지사항3공지사항3공지사항3공지사항3공지사항3공지사항3공지사항3공지사항3','2024-09-08 19:47:49','2024-09-08 19:47:49',0),
(5,2,'카페 딕셔너리 공지1','카페 딕셔너리 공지1카페 딕셔너리 공지1카페 딕셔너리 공지1카페 딕셔너리 공지1카페 딕셔너리 공지1카페 딕셔너리 공지1카페 딕셔너리 공지1카페 딕셔너리 공지1카페 딕셔너리 공지1카페 딕셔너리 공지1카페 딕셔너리 공지1카페 딕셔너리 공지1','2024-09-08 19:48:14','2024-09-08 19:48:14',0),
(6,2,'카딕 공지사항2','공지사항 내용2','2024-09-19 12:56:45','2024-09-19 12:56:45',0),
(7,1,'BNC(수정)','수정된 공지사항','2024-09-19 16:22:27','2024-09-19 16:23:22',0),
(8,1,'권한 테스트(수정)','권한 테스트(수정)','2024-10-05 16:26:48','2024-10-05 16:30:22',0),
(9,1,'test','test','2024-10-27 15:00:59','2024-10-27 15:00:59',0),
(10,1,'test2','test2','2024-10-27 15:05:39','2024-11-26 22:38:00',0),
(11,1,'배진우','밥사줘','2024-10-27 15:14:54','2024-11-26 22:38:14',1),
(12,1,'test4','test4','2024-10-27 15:15:20','2024-10-27 15:15:20',0),
(14,16,'공지사항','Test임','2024-11-24 20:36:35','2024-11-24 20:36:53',0);
/*!40000 ALTER TABLE `notice` ENABLE KEYS */;
UNLOCK TABLES;

--
-- Table structure for table `school`
--

DROP TABLE IF EXISTS `school`;
/*!40101 SET @saved_cs_client     = @@character_set_client */;
/*!40101 SET character_set_client = utf8 */;
CREATE TABLE `school` (
  `id` int(11) NOT NULL AUTO_INCREMENT,
  `name` varchar(50) NOT NULL,
  `campus` varchar(50) DEFAULT NULL,
  PRIMARY KEY (`id`)
) ENGINE=InnoDB AUTO_INCREMENT=4 DEFAULT CHARSET=utf8mb4 COLLATE=utf8mb4_general_ci;
/*!40101 SET character_set_client = @saved_cs_client */;

--
-- Dumping data for table `school`
--

LOCK TABLES `school` WRITE;
/*!40000 ALTER TABLE `school` DISABLE KEYS */;
INSERT INTO `school` VALUES
(1,'연세대','미래캠'),
(2,'한라대',NULL),
(3,'강릉원주대','원주캠');
/*!40000 ALTER TABLE `school` ENABLE KEYS */;
UNLOCK TABLES;

--
-- Table structure for table `store`
--

DROP TABLE IF EXISTS `store`;
/*!40101 SET @saved_cs_client     = @@character_set_client */;
/*!40101 SET character_set_client = utf8 */;
CREATE TABLE `store` (
  `sid` int(11) NOT NULL AUTO_INCREMENT,
  `store_name` varchar(255) DEFAULT NULL,
  `store_number` varchar(255) DEFAULT NULL,
  `store_location` varchar(200) DEFAULT NULL,
  `is_open` enum('opened','closed','breaktime') DEFAULT NULL,
  `store_thumb_url` varchar(3000) DEFAULT '/images/common/background.jpg',
  `store_banner_url` varchar(3000) DEFAULT '/images/common/background.jpg',
  `school_id` int(11) DEFAULT NULL,
  `category_id` int(11) DEFAULT NULL,
  PRIMARY KEY (`sid`),
  KEY `school_id` (`school_id`),
  KEY `fk_category` (`category_id`),
  CONSTRAINT `fk_category` FOREIGN KEY (`category_id`) REFERENCES `category` (`id`),
  CONSTRAINT `store_ibfk_1` FOREIGN KEY (`school_id`) REFERENCES `school` (`id`)
) ENGINE=InnoDB AUTO_INCREMENT=33 DEFAULT CHARSET=utf8mb4 COLLATE=utf8mb4_general_ci;
/*!40101 SET character_set_client = @saved_cs_client */;

--
-- Dumping data for table `store`
--

LOCK TABLES `store` WRITE;
/*!40000 ALTER TABLE `store` DISABLE KEYS */;
INSERT INTO `store` VALUES
(1,'BNC','033-760-5154','연세플라자 2F','opened','/images/common/background.jpg','/images/school_1_Yonsei_Mirae/inside/store_1_BNC/BNC.jpeg',1,1),
(2,'카페 딕셔너리','033-760-5151','연세플라자 1F','opened','/images/common/background.jpg','/images/school_1_Yonsei_Mirae/inside/store_2_CAFE DICTIONARY/CAFE DICTIONARY.jpeg',1,2),
(3,'카페 GEE','033-760-5151','연세플라자 2F','opened','/images/common/background.jpg','/images/school_1_Yonsei_Mirae/inside/store_3_CAFE GEE/CAFE GEE.jpeg',1,2),
(4,'샐러데이즈','033-760-5164','연세플라자 1F','opened','/images/common/background.jpg','/images/school_1_Yonsei_Mirae/inside/store_4_샐러데이즈/샐러데이즈.jpeg',1,2),
(5,'호야토스트','033-760-5142','연세플라자 1F','opened','/images/common/background.jpg','/images/school_1_Yonsei_Mirae/inside/store_5_호야토스트/호야토스트.jpeg',1,1),
(6,'뚜레쥬르','033-760-5143','연세플라자 1F','opened','/images/common/background.jpg','/images/school_1_Yonsei_Mirae/inside/store_6_뚜레쥬르/뚜레쥬르.jpeg',1,2),
(7,'누리샘','033-760-5145','연세플라자 1F','opened','/images/common/background.jpg','/images/school_1_Yonsei_Mirae/inside/store_7_누리샘/누리샘.jpeg',1,5),
(8,'연세대 서점','033-760-5148','연세플라자 1F','opened','/images/common/background.jpg','/images/school_1_Yonsei_Mirae/inside/store_8_연세대 서점/연세대 서점.jpeg',1,5),
(9,'POD 센터','033-760-5149','연세플라자 1F','opened','/images/common/background.jpg','/images/school_1_Yonsei_Mirae/inside/store_9_POD 센터/POD 센터.jpeg',1,8),
(10,'유니룩스','033-760-5150','연세플라자 1F','opened','/images/common/background.jpg','/images/school_1_Yonsei_Mirae/inside/store_10_유니룩스/유니룩스.jpeg',1,8),
(11,'구내안경원','033-760-5152','연세플라자 1F','opened','/images/common/background.jpg','/images/school_1_Yonsei_Mirae/inside/store_11_구내안경원/구내안경원.jpeg',1,6),
(12,'우편취급국','033-760-2642','연세플라자 1F','opened','/images/common/background.jpg','/images/school_1_Yonsei_Mirae/inside/store_12_우편취급국/우편취급국.jpg',1,8),
(13,'GS25','033-760-5142','연세플라자 1F','opened','/images/common/background.jpg','/images/school_1_Yonsei_Mirae/inside/store_13_GS25/GS25.jpeg',1,3),
(14,'카페 GEE','-','학생회관 1F','opened','/images/common/background.jpg','/images/school_1_Yonsei_Mirae/inside/store_14_CAFE GEE/CAFE GEE.jpeg',1,2),
(15,'어웨이크비','033-760-5144','학생회관 4F','opened','/images/common/background.jpg','/images/school_1_Yonsei_Mirae/inside/store_15_AWAKE BREAD/AWAKE BREAD.jpeg',1,2),
(16,'카페테리아 현','033-760-5158','학생회관 1F','opened','/images/common/background.jpg','/images/school_1_Yonsei_Mirae/inside/store_16_카페테리아 현/카페테리아 현.jpeg',1,1),
(17,'GS25','033-760-5158','학생회관 1F','opened','/images/common/background.jpg','/images/school_1_Yonsei_Mirae/inside/store_17_GS25/GS25.jpeg',1,3),
(18,'GS25','-','청연학사 1F','opened','/images/common/background.jpg','/images/school_1_Yonsei_Mirae/inside/store_18_GS25/GS25.jpeg',1,3),
(19,'카페 딕셔너리','033-760-5144','정의관 2F','opened','/images/common/background.jpg','/images/school_1_Yonsei_Mirae/inside/store_19_CAFE DICTIONARY/CAFE DICTIONARY.jpeg',1,2),
(20,'GS25','-','백운관 1F','opened','/images/common/background.jpg','/images/school_1_Yonsei_Mirae/inside/store_20_GS25/GS25.jpeg',1,3),
(22,'맛있는 집(한식)','-','연세플라자 2F','opened','/images/common/background.jpg','/images/common/background.jpg',1,1),
(23,'스텔라 떡볶이','-','연세플라자 2F','opened','/images/common/background.jpg','/images/common/background.jpg',1,1),
(24,'자미당','-','연세플라자 2F','opened','/images/common/background.jpg','/images/common/background.jpg',1,2),
(25,'더진국','-','연세플라자 2F','opened','/images/common/background.jpg','/images/common/background.jpg',1,1),
(26,'학생회관 푸드코트','-','학생회관 1F 푸드코트','opened','/images/common/background.jpg','/images/common/background.jpg',1,1),
(27,'PAUSE','-','학생회관 1F 푸드코트','opened','/images/common/background.jpg','/images/common/background.jpg',1,2),
(28,'','-','','opened','/images/common/background.jpg','/images/common/background.jpg',2,1),
(29,'','-','','opened','/images/common/background.jpg','/images/common/background.jpg',2,1),
(30,'','-','','opened','/images/common/background.jpg','/images/common/background.jpg',2,2),
(31,'한라대 학식','-','한라대학교 한라관','opened','/images/common/background.jpg','/images/common/background.jpg',2,1);
/*!40000 ALTER TABLE `store` ENABLE KEYS */;
UNLOCK TABLES;

--
-- Table structure for table `store_hours`
--

DROP TABLE IF EXISTS `store_hours`;
/*!40101 SET @saved_cs_client     = @@character_set_client */;
/*!40101 SET character_set_client = utf8 */;
CREATE TABLE `store_hours` (
  `id` int(11) NOT NULL AUTO_INCREMENT,
  `store_id` int(11) DEFAULT NULL,
  `day_of_week_id` int(11) DEFAULT NULL,
  `opening_time` time DEFAULT NULL,
  `closing_time` time DEFAULT NULL,
  `break_start_time` time DEFAULT NULL,
  `break_exit_time` time DEFAULT NULL,
  PRIMARY KEY (`id`),
  KEY `store_id` (`store_id`),
  KEY `day_of_week_id` (`day_of_week_id`),
  CONSTRAINT `store_hours_ibfk_1` FOREIGN KEY (`store_id`) REFERENCES `store` (`sid`),
  CONSTRAINT `store_hours_ibfk_2` FOREIGN KEY (`day_of_week_id`) REFERENCES `day_of_week` (`id`)
) ENGINE=InnoDB AUTO_INCREMENT=218 DEFAULT CHARSET=utf8mb4 COLLATE=utf8mb4_general_ci;
/*!40101 SET character_set_client = @saved_cs_client */;

--
-- Dumping data for table `store_hours`
--

LOCK TABLES `store_hours` WRITE;
/*!40000 ALTER TABLE `store_hours` DISABLE KEYS */;
INSERT INTO `store_hours` VALUES
(1,1,1,'11:30:00','21:00:00','15:00:00','16:30:00'),
(2,1,2,'11:30:00','21:00:00','15:00:00','16:30:00'),
(3,1,3,'11:30:00','21:00:00','15:00:00','16:30:00'),
(4,1,4,'11:30:00','21:00:00','15:00:00','16:30:00'),
(5,1,5,'11:00:00','19:00:00','15:00:00','16:30:00'),
(6,1,6,'13:00:00','18:00:00',NULL,NULL),
(7,1,7,NULL,NULL,NULL,NULL),
(8,2,1,'08:30:00','21:00:00',NULL,NULL),
(9,2,2,'08:30:00','21:00:00',NULL,NULL),
(10,2,3,'08:30:00','21:00:00',NULL,NULL),
(11,2,4,'08:30:00','21:00:00',NULL,NULL),
(12,2,5,'08:30:00','21:00:00',NULL,NULL),
(13,2,6,'10:30:00','19:00:00',NULL,NULL),
(14,2,7,'10:30:00','19:00:00',NULL,NULL),
(15,3,1,'09:30:00','21:00:00',NULL,NULL),
(16,3,2,'09:30:00','21:00:00',NULL,NULL),
(17,3,3,'09:30:00','21:00:00',NULL,NULL),
(18,3,4,'09:30:00','21:00:00',NULL,NULL),
(19,3,5,'09:30:00','19:00:00',NULL,NULL),
(20,3,6,'10:30:00','19:00:00',NULL,NULL),
(21,3,7,NULL,NULL,NULL,NULL),
(22,4,1,'08:30:00','18:30:00',NULL,NULL),
(23,4,2,'08:30:00','18:30:00',NULL,NULL),
(24,4,3,'08:30:00','18:30:00',NULL,NULL),
(25,4,4,'08:30:00','18:30:00',NULL,NULL),
(26,4,5,'08:30:00','17:30:00',NULL,NULL),
(27,4,6,NULL,NULL,NULL,NULL),
(28,5,1,'08:00:00','20:00:00',NULL,NULL),
(29,5,2,'08:00:00','20:00:00',NULL,NULL),
(30,5,3,'08:00:00','20:00:00',NULL,NULL),
(31,5,4,'08:00:00','20:00:00',NULL,NULL),
(32,5,5,'08:00:00','20:00:00',NULL,NULL),
(33,5,6,'09:00:00','18:00:00',NULL,NULL),
(34,5,7,NULL,NULL,NULL,NULL),
(35,6,1,'08:00:00','21:00:00',NULL,NULL),
(36,6,2,'08:00:00','21:00:00',NULL,NULL),
(37,6,3,'08:00:00','21:00:00',NULL,NULL),
(38,6,4,'08:00:00','21:00:00',NULL,NULL),
(39,6,5,'08:00:00','21:00:00',NULL,NULL),
(40,6,6,'08:00:00','19:00:00',NULL,NULL),
(41,6,7,'08:00:00','21:00:00',NULL,NULL),
(42,7,1,'08:50:00','19:00:00',NULL,NULL),
(43,7,2,'08:50:00','19:00:00',NULL,NULL),
(44,7,3,'08:50:00','19:00:00',NULL,NULL),
(45,7,4,'08:50:00','19:00:00',NULL,NULL),
(46,7,5,'08:50:00','19:00:00',NULL,NULL),
(47,7,6,'10:00:00','15:00:00',NULL,NULL),
(48,7,7,NULL,NULL,NULL,NULL),
(49,8,1,'08:30:00','18:00:00',NULL,NULL),
(50,8,2,'08:30:00','18:00:00',NULL,NULL),
(51,8,3,'08:30:00','18:00:00',NULL,NULL),
(52,8,4,'08:30:00','18:00:00',NULL,NULL),
(53,8,5,'08:30:00','18:00:00',NULL,NULL),
(54,8,6,'09:00:00','18:00:00',NULL,NULL),
(55,8,7,NULL,NULL,NULL,NULL),
(56,9,1,'08:30:00','19:00:00',NULL,NULL),
(57,9,2,'08:30:00','19:00:00',NULL,NULL),
(58,9,3,'08:30:00','19:00:00',NULL,NULL),
(59,9,4,'08:30:00','19:00:00',NULL,NULL),
(60,9,5,'08:30:00','19:00:00',NULL,NULL),
(61,9,6,NULL,NULL,NULL,NULL),
(62,9,7,NULL,NULL,NULL,NULL),
(63,10,1,'08:30:00','20:00:00',NULL,NULL),
(64,10,2,'08:30:00','20:00:00',NULL,NULL),
(65,10,3,'08:30:00','20:00:00',NULL,NULL),
(66,10,4,'08:30:00','20:00:00',NULL,NULL),
(67,10,5,'08:30:00','20:00:00',NULL,NULL),
(68,10,6,'09:00:00','14:00:00',NULL,NULL),
(69,10,7,NULL,NULL,NULL,NULL),
(70,11,1,'09:00:00','18:30:00',NULL,NULL),
(71,11,2,'09:00:00','18:30:00',NULL,NULL),
(72,11,3,'09:00:00','18:30:00',NULL,NULL),
(73,11,4,'09:00:00','18:30:00',NULL,NULL),
(74,11,5,'09:00:00','18:30:00',NULL,NULL),
(75,11,6,'10:00:00','16:00:00',NULL,NULL),
(76,11,7,NULL,NULL,NULL,NULL),
(77,12,1,'09:00:00','18:00:00',NULL,NULL),
(78,12,2,'09:00:00','18:00:00',NULL,NULL),
(79,12,3,'09:00:00','18:00:00',NULL,NULL),
(80,12,4,'09:00:00','18:00:00',NULL,NULL),
(81,12,5,'09:00:00','18:00:00',NULL,NULL),
(82,12,6,NULL,NULL,NULL,NULL),
(83,12,7,NULL,NULL,NULL,NULL),
(84,13,1,'00:00:00','24:00:00',NULL,NULL),
(85,13,2,'00:00:00','24:00:00',NULL,NULL),
(86,13,3,'00:00:00','24:00:00',NULL,NULL),
(87,13,4,'00:00:00','24:00:00',NULL,NULL),
(88,13,5,'00:00:00','24:00:00',NULL,NULL),
(89,13,6,'00:00:00','24:00:00',NULL,NULL),
(90,13,7,'00:00:00','24:00:00',NULL,NULL),
(91,14,1,'08:00:00','18:00:00',NULL,NULL),
(92,14,2,'08:00:00','18:00:00',NULL,NULL),
(93,14,3,'08:00:00','18:00:00',NULL,NULL),
(94,14,4,'08:00:00','18:00:00',NULL,NULL),
(95,14,5,'08:00:00','18:00:00',NULL,NULL),
(96,14,6,NULL,NULL,NULL,NULL),
(97,14,7,NULL,NULL,NULL,NULL),
(98,15,1,'08:00:00','20:00:00',NULL,NULL),
(99,15,2,'08:00:00','20:00:00',NULL,NULL),
(100,15,3,'08:00:00','20:00:00',NULL,NULL),
(101,15,4,'08:00:00','20:00:00',NULL,NULL),
(102,15,5,'08:00:00','20:00:00',NULL,NULL),
(103,15,6,'10:00:00','17:00:00',NULL,NULL),
(104,15,7,NULL,NULL,NULL,NULL),
(105,16,1,'08:00:00','19:00:00',NULL,NULL),
(106,16,2,'08:00:00','19:00:00',NULL,NULL),
(107,16,3,'08:00:00','19:00:00',NULL,NULL),
(108,16,4,'08:00:00','19:00:00',NULL,NULL),
(109,16,5,'08:00:00','19:00:00',NULL,NULL),
(110,16,6,NULL,NULL,NULL,NULL),
(111,16,7,NULL,NULL,NULL,NULL),
(112,17,1,'00:00:00','24:00:00',NULL,NULL),
(113,17,2,'00:00:00','24:00:00',NULL,NULL),
(114,17,3,'00:00:00','24:00:00',NULL,NULL),
(115,17,4,'00:00:00','24:00:00',NULL,NULL),
(116,17,5,'00:00:00','24:00:00',NULL,NULL),
(117,17,6,'00:00:00','24:00:00',NULL,NULL),
(118,17,7,'00:00:00','24:00:00',NULL,NULL),
(119,18,1,'00:00:00','24:00:00',NULL,NULL),
(120,18,2,'00:00:00','24:00:00',NULL,NULL),
(121,18,3,'00:00:00','24:00:00',NULL,NULL),
(122,18,4,'00:00:00','24:00:00',NULL,NULL),
(123,18,5,'00:00:00','24:00:00',NULL,NULL),
(124,18,6,'00:00:00','24:00:00',NULL,NULL),
(125,18,7,'00:00:00','24:00:00',NULL,NULL),
(126,19,1,'08:30:00','18:00:00',NULL,NULL),
(127,19,2,'08:30:00','18:00:00',NULL,NULL),
(128,19,3,'08:30:00','18:00:00',NULL,NULL),
(129,19,4,'08:30:00','18:00:00',NULL,NULL),
(130,19,5,'08:30:00','17:00:00',NULL,NULL),
(131,19,6,NULL,NULL,NULL,NULL),
(132,19,7,NULL,NULL,NULL,NULL),
(133,20,1,'00:00:00','24:00:00',NULL,NULL),
(134,20,2,'00:00:00','24:00:00',NULL,NULL),
(135,20,3,'00:00:00','24:00:00',NULL,NULL),
(136,20,4,'00:00:00','24:00:00',NULL,NULL),
(137,20,5,'00:00:00','24:00:00',NULL,NULL),
(138,20,6,'00:00:00','24:00:00',NULL,NULL),
(139,20,7,'00:00:00','24:00:00',NULL,NULL),
(147,4,7,NULL,NULL,NULL,NULL),
(148,22,1,'10:30:00','19:00:00',NULL,NULL),
(149,22,2,'10:30:00','19:00:00',NULL,NULL),
(150,22,3,'10:30:00','19:00:00',NULL,NULL),
(151,22,4,'10:30:00','19:00:00',NULL,NULL),
(152,22,5,'10:30:00','19:00:00',NULL,NULL),
(153,22,6,NULL,NULL,NULL,NULL),
(154,22,7,'13:00:00','18:00:00',NULL,NULL),
(155,23,1,'11:00:00','22:00:00',NULL,NULL),
(156,23,2,'11:00:00','22:00:00',NULL,NULL),
(157,23,3,'11:00:00','22:00:00',NULL,NULL),
(158,23,4,'11:00:00','22:00:00',NULL,NULL),
(159,23,5,'11:00:00','22:00:00',NULL,NULL),
(160,23,6,NULL,NULL,NULL,NULL),
(161,23,7,NULL,NULL,NULL,NULL),
(162,24,1,'08:00:00','19:00:00',NULL,NULL),
(163,24,2,'08:00:00','19:00:00',NULL,NULL),
(164,24,3,'08:00:00','19:00:00',NULL,NULL),
(165,24,4,'08:00:00','19:00:00',NULL,NULL),
(166,24,5,'08:00:00','19:00:00',NULL,NULL),
(167,24,6,NULL,NULL,NULL,NULL),
(168,24,7,NULL,NULL,NULL,NULL),
(169,25,1,'08:00:00','19:00:00',NULL,NULL),
(170,25,2,'08:00:00','19:00:00',NULL,NULL),
(171,25,3,'08:00:00','19:00:00',NULL,NULL),
(172,25,4,'08:00:00','19:00:00',NULL,NULL),
(173,25,5,'08:00:00','19:00:00',NULL,NULL),
(174,25,6,NULL,NULL,NULL,NULL),
(175,25,7,NULL,NULL,NULL,NULL),
(176,26,1,'10:30:00','18:00:00','14:00:00','15:30:00'),
(177,26,2,'10:30:00','18:00:00','14:00:00','15:30:00'),
(178,26,3,'10:30:00','18:00:00','14:00:00','15:30:00'),
(179,26,4,'10:30:00','18:00:00','14:00:00','15:30:00'),
(180,26,5,'10:30:00','18:00:00','14:00:00','15:30:00'),
(181,26,6,NULL,NULL,NULL,NULL),
(182,26,7,NULL,NULL,NULL,NULL),
(183,27,1,'10:30:00','18:00:00',NULL,NULL),
(184,27,2,'10:30:00','18:00:00',NULL,NULL),
(185,27,3,'10:30:00','18:00:00',NULL,NULL),
(186,27,4,'10:30:00','18:00:00',NULL,NULL),
(187,27,5,'10:30:00','18:00:00',NULL,NULL),
(188,27,6,NULL,NULL,NULL,NULL),
(189,27,7,NULL,NULL,NULL,NULL),
(190,28,1,'10:30:00','18:00:00',NULL,NULL),
(191,28,2,'10:30:00','18:00:00',NULL,NULL),
(192,28,3,'10:30:00','18:00:00',NULL,NULL),
(193,28,4,'10:30:00','18:00:00',NULL,NULL),
(194,28,5,'10:30:00','18:00:00',NULL,NULL),
(195,28,6,NULL,NULL,NULL,NULL),
(196,28,7,NULL,NULL,NULL,NULL),
(197,29,1,'10:30:00','18:00:00',NULL,NULL),
(198,29,2,'10:30:00','18:00:00',NULL,NULL),
(199,29,3,'10:30:00','18:00:00',NULL,NULL),
(200,29,4,'10:30:00','18:00:00',NULL,NULL),
(201,29,5,'10:30:00','18:00:00',NULL,NULL),
(202,29,6,NULL,NULL,NULL,NULL),
(203,29,7,NULL,NULL,NULL,NULL),
(204,30,1,'10:30:00','18:00:00',NULL,NULL),
(205,30,2,'10:30:00','18:00:00',NULL,NULL),
(206,30,3,'10:30:00','18:00:00',NULL,NULL),
(207,30,4,'10:30:00','18:00:00',NULL,NULL),
(208,30,5,'10:30:00','18:00:00',NULL,NULL),
(209,30,6,NULL,NULL,NULL,NULL),
(210,30,7,NULL,NULL,NULL,NULL),
(211,31,1,'10:30:00','18:00:00',NULL,NULL),
(212,31,2,'10:30:00','18:00:00',NULL,NULL),
(213,31,3,'10:30:00','18:00:00',NULL,NULL),
(214,31,4,'10:30:00','18:00:00',NULL,NULL),
(215,31,5,'10:30:00','18:00:00',NULL,NULL),
(216,31,6,NULL,NULL,NULL,NULL),
(217,31,7,NULL,NULL,NULL,NULL);
/*!40000 ALTER TABLE `store_hours` ENABLE KEYS */;
UNLOCK TABLES;

--
-- Table structure for table `user`
--

DROP TABLE IF EXISTS `user`;
/*!40101 SET @saved_cs_client     = @@character_set_client */;
/*!40101 SET character_set_client = utf8 */;
CREATE TABLE `user` (
  `uid` int(11) NOT NULL AUTO_INCREMENT,
  `std_id` varchar(30) NOT NULL,
  `name` varchar(20) NOT NULL,
  `phone_number` varchar(50) NOT NULL DEFAULT '01000000000',
  `password` varchar(500) NOT NULL,
  `school_id` int(11) NOT NULL,
  `sign_url` varchar(3000) DEFAULT NULL,
  `created_at` timestamp NOT NULL DEFAULT current_timestamp(),
  `role` int(11) NOT NULL DEFAULT 1,
  `store_id` int(11) DEFAULT NULL,
  `marketing_term` tinyint(1) NOT NULL DEFAULT 0,
  PRIMARY KEY (`uid`),
  KEY `fk_school_id` (`school_id`),
  KEY `fk_user_store_id` (`store_id`),
  CONSTRAINT `fk_school_id` FOREIGN KEY (`school_id`) REFERENCES `school` (`id`) ON DELETE CASCADE,
  CONSTRAINT `fk_user_store_id` FOREIGN KEY (`store_id`) REFERENCES `store` (`sid`) ON DELETE CASCADE
) ENGINE=InnoDB AUTO_INCREMENT=63 DEFAULT CHARSET=utf8mb4 COLLATE=utf8mb4_general_ci;
/*!40101 SET character_set_client = @saved_cs_client */;

--
-- Dumping data for table `user`
--

LOCK TABLES `user` WRITE;
/*!40000 ALTER TABLE `user` DISABLE KEYS */;
INSERT INTO `user` VALUES
(12,'HM_001I001','BNC 사장','01011112222','$2b$12$UUOdb51LY.uuteSjHPuT.OWR0LcOaw1jhMYG8kZjbJSKejLKfeZoi',1,NULL,'2024-09-08 10:40:43',2,1,0),
(15,'HM_001I002','카딕(연플) 사장','01033334444','$2b$12$I3jqL9jKrhAObdoG4KV5ROXL2TE.M4A6rfGfiMlEg0Fz6DrkzhcTy',1,NULL,'2024-10-05 07:01:35',2,2,0),
(16,'HM_001I003','카페 지(연플) 사장','01044445555','$2b$12$k.JtdY5GmfacNhxhXi1pdOg8mh8rZRooo524eRphNZhvW9Vh/8/8K',1,NULL,'2024-10-05 07:03:29',2,3,0),
(18,'HM_001I004','샐러데이즈 사장','01000000000','$2b$12$a8OOuIfqmuFCamwV0XVY/.w6YUYCLm6XySiaTefthKeyy7MY4GM4W',1,NULL,'2024-11-15 06:44:10',2,4,0),
(19,'HM_001I005','호야토스트 사장','01000000000','$2b$12$o8Ua67vlONQOgUwshr7yuO6EfANsiIZPwmM5h2EDJhow7f11gDBmC',1,NULL,'2024-11-15 06:45:04',2,5,0),
(20,'HM_001I006','뚜레쥬르 사장','01000000000','$2b$12$XjTaBBsYLqWEXf9c776V.eSuMZ2XPR5ZlbQrcxfwg09.saE6/uEK.',1,NULL,'2024-11-15 06:45:52',2,6,0),
(21,'HM_001I007','누리샘 사장','01000000000','$2b$12$xPcEnGJao8DBdRYonsaBxuUeYcBQaVyVJn.b298diDu0hy58l/ugm',1,NULL,'2024-11-15 06:46:20',2,7,0),
(22,'HM_001I008','연세대서점 사장','01000000000','$2b$12$EzSiq1oYQOZfwjVd6rf3guzqhodJIkAIszW2IdlsPSI1wI3T22joK',1,NULL,'2024-11-15 06:47:18',2,8,0),
(23,'HM_001I009','POD센터 사장','01000000000','$2b$12$5oze37F6vc3L5x6GpqGYHu5WJDQ45Qb.TkCHMR/UL6vxnMKDPHAFG',1,NULL,'2024-11-15 06:47:39',2,9,0),
(24,'HM_001I010','유니룩스 사장','01000000000','$2b$12$Cmu2Ia5p6qh1HlU/8Z3WaebhQeTfbzrFKGGPT1uJQedqNgK1I7mru',1,NULL,'2024-11-15 06:48:18',2,10,0),
(25,'HM_001I011','구내안경원 사장','01000000000','$2b$12$8Nhu403XZh56pY9d9a3zwuzbH1Z8jgV.4L5Vd9vbv6bbXRE3sBLku',1,NULL,'2024-11-15 06:48:49',2,11,0),
(26,'HM_001I012','우편취급국 사장','01000000000','$2b$12$1lcPBDQyKJlf2devnYNaBuhOY2ypHgr34bzhnB.29UL7C42OcBURa',1,NULL,'2024-11-15 06:49:15',2,12,0),
(27,'HM_001I013','GS25(연플) 사장','01000000000','$2b$12$eYwIpCcHdXe1Lne6qXaTtuw7xmbJVAWmzTFKxtHJWKNd.dPbMXD/m',1,NULL,'2024-11-15 06:49:53',2,13,0),
(28,'HM_001I014','카페 지(학관) 사장','01000000000','$2b$12$.KyimF9WOTdtXyijuopBluJEKyMO7Rk7DiO63e4.aBXbgj9zKcmsS',1,NULL,'2024-11-15 06:50:36',2,14,0),
(29,'HM_001I015','어웨이크비 사장','01000000000','$2b$12$f.QVSRjr7bV639B8nMzqW.Q2MndAe3XiGIkbXpsFEw0BtxM4L4bVG',1,NULL,'2024-11-15 06:51:16',2,15,0),
(30,'HM_001I016','카페테리아 사장','01000000000','$2b$12$0ynqkcmgxAzplYVgemqCsOCHK7D7PVh2QFE5WMEkclG.i4klVU.nG',1,NULL,'2024-11-15 06:52:09',2,16,0),
(31,'HM_001I017','GS25(학관) 사장','01000000000','$2b$12$Imj4AUJ7QgEUg6YbIJCtEORcBFQ590w2YZEwu5qJvP2CWA8OoRkay',1,NULL,'2024-11-15 06:52:35',2,17,0),
(32,'HM_001I018','GS25(청연) 사장','01000000000','$2b$12$UuaA7e2gA6IqNJFf6ekpkumoZ6vtt3bJ8bfK4fJERdWNWPPT.vi0C',1,NULL,'2024-11-15 06:52:48',2,18,0),
(33,'HM_001I019','카딕(정의관) 사장','01000000000','$2b$12$EgrbwHJMMjk8v6RofsrGrO6957xQ6XBg6eXD5ts.fHtBNXtGvns6C',1,NULL,'2024-11-15 06:53:09',2,19,0),
(34,'HM_001I020','GS25(백운관) 사장','01000000000','$2b$12$2YqXOpGLu6dJ7pisYko5k.fQW98aav1cUVf0TXOloi4ZwlQpVDtIu',1,NULL,'2024-11-15 06:53:28',2,20,0),
(35,'HM_001I022','맛있는집 사장','01000000000','$2b$12$6UYO6b8B8JXk.QnCu70xhuBXbpGkBT7VBdFL0GqcCZAM4nouANrAy',1,NULL,'2024-11-15 06:53:50',2,22,0),
(36,'HM_001I023','스텔라 떡볶이 사장','01000000000','$2b$12$fDbzzXm5KeGoppuYnncox.Sa8jzkYbDfA00mv2WeaN2oULw0hCQx6',1,NULL,'2024-11-15 06:54:13',2,23,0),
(37,'HM_001I024','자미당 사장','01000000000','$2b$12$YeLTx0qTh6iO8fprFAZ1qONjf9FhtGpec5pbMFG.OAd4x1zBZ3VNK',1,NULL,'2024-11-15 06:54:26',2,24,0),
(38,'HM_001I025','더진국 사장','01000000000','$2b$12$cwhbnUMPADFUU.1N8XNwK.e5Jn.0lSKeSutXWNi/NNEn6uMncTYCa',1,NULL,'2024-11-15 06:54:39',2,25,0),
(39,'HM_001I026','학관 푸드코트 사장','01000000000','$2b$12$rszxCbsmR0WZQNyK92BH6OVEcBLKuTVZrSOG0NhZipQqqtB6CcFAq',1,NULL,'2024-11-15 06:55:04',2,26,0),
(40,'HM_001I027','PAUSE 사장','01000000000','$2b$12$U7ys3l7n1AeIZNTvSINqc.XNFNUfd0AUvBVqhtfUcf8BhL.gXqdM.',1,NULL,'2024-11-15 06:55:23',2,27,0),
(51,'2018253027','우명규','01033720638','$2b$12$qU8eJlkXLTqRbzu9UZ78guAO/EM7ngs8.5ZTTyNyhZd7Mp8DfCx6m',1,'/server/static/1/signatures/2018253027_sign.png','2024-11-16 04:52:17',1,NULL,1),
(55,'2024240051','이윤규','01041791863','$2b$12$SFUZ62JzS62PjJF.dCxoluUHjBRDC8vrgHOC3OWEeokrHh.EORGBi',1,'/server/static/1/signatures/2024240051_sign.png','2024-11-19 01:44:29',1,NULL,0),
(56,'2019213015','윤여원','01063808592','$2b$12$Ugk.aVTH.ZlS88X.FJFmje/hoxuozTHSPSaerqdoyw37j/WJOvUee',1,NULL,'2024-11-19 06:50:18',1,NULL,0),
(58,'2019272072','손찬우','01091066006','$2b$12$iuB07FFqHcZUL5MQpxXTJOesxfLOh3kDIvH4KGi4Wb9mwxJd1CWX.',1,'/server/static/1/signatures/2019272072_sign.png','2024-11-24 10:30:35',1,NULL,1),
(59,'2019212032','진기원','01033912489','$2b$12$DWgPNTDT0n6ueaYkCb5P0OMdXe7qLkGIdoi6xmR8dn8PVgoD6UH0O',1,'/server/static/1/signatures/2019212032_sign.png','2024-11-24 10:35:09',1,NULL,0),
(62,'2023240051','배진우','01041791864','$2b$12$UaUQt26MRMQ6Gu8/LCOO0.kCOam/CiG0y40HcRU0gVN9iYDPJyqnm',1,NULL,'2024-11-26 09:10:59',1,NULL,0);
/*!40000 ALTER TABLE `user` ENABLE KEYS */;
UNLOCK TABLES;

--
-- Table structure for table `user_favorite_store`
--

DROP TABLE IF EXISTS `user_favorite_store`;
/*!40101 SET @saved_cs_client     = @@character_set_client */;
/*!40101 SET character_set_client = utf8 */;
CREATE TABLE `user_favorite_store` (
  `uid` int(11) NOT NULL,
  `store_id` int(11) NOT NULL,
  `created_at` timestamp NULL DEFAULT current_timestamp(),
  PRIMARY KEY (`uid`,`store_id`),
  KEY `store_id` (`store_id`),
  CONSTRAINT `user_favorite_store_ibfk_1` FOREIGN KEY (`uid`) REFERENCES `user` (`uid`) ON DELETE CASCADE,
  CONSTRAINT `user_favorite_store_ibfk_2` FOREIGN KEY (`store_id`) REFERENCES `store` (`sid`) ON DELETE CASCADE
) ENGINE=InnoDB DEFAULT CHARSET=utf8mb4 COLLATE=utf8mb4_general_ci;
/*!40101 SET character_set_client = @saved_cs_client */;

--
-- Dumping data for table `user_favorite_store`
--

LOCK TABLES `user_favorite_store` WRITE;
/*!40000 ALTER TABLE `user_favorite_store` DISABLE KEYS */;
INSERT INTO `user_favorite_store` VALUES
(51,1,'2024-11-19 07:02:00'),
(51,2,'2024-11-19 00:02:01'),
(51,3,'2024-11-24 12:15:58'),
(51,6,'2024-11-24 12:14:30'),
(51,7,'2024-11-24 12:22:45'),
(51,8,'2024-11-24 12:22:24'),
(51,9,'2024-11-24 12:22:38'),
(51,10,'2024-11-24 12:22:35'),
(51,12,'2024-11-24 12:22:55'),
(51,16,'2024-11-24 12:23:07'),
(51,22,'2024-11-24 12:23:16'),
(51,23,'2024-11-24 12:23:12'),
(55,16,'2024-11-19 03:41:38'),
(55,22,'2024-11-19 02:40:30'),
(56,19,'2024-11-19 06:51:00'),
(56,24,'2024-11-19 06:50:55'),
(58,1,'2024-11-24 11:05:57'),
(58,5,'2024-11-24 11:06:02'),
(62,3,'2024-11-26 09:12:36'),
(62,4,'2024-11-26 09:12:41'),
(62,16,'2024-11-26 09:16:24'),
(62,17,'2024-11-26 09:11:19'),
(62,18,'2024-11-26 09:11:24'),
(62,19,'2024-11-26 09:11:22'),
(62,20,'2024-11-26 09:11:27'),
(62,22,'2024-11-26 09:11:15'),
(62,23,'2024-11-26 09:11:29');
/*!40000 ALTER TABLE `user_favorite_store` ENABLE KEYS */;
UNLOCK TABLES;
/*!40103 SET TIME_ZONE=@OLD_TIME_ZONE */;

/*!40101 SET SQL_MODE=@OLD_SQL_MODE */;
/*!40014 SET FOREIGN_KEY_CHECKS=@OLD_FOREIGN_KEY_CHECKS */;
/*!40014 SET UNIQUE_CHECKS=@OLD_UNIQUE_CHECKS */;
/*!40101 SET CHARACTER_SET_CLIENT=@OLD_CHARACTER_SET_CLIENT */;
/*!40101 SET CHARACTER_SET_RESULTS=@OLD_CHARACTER_SET_RESULTS */;
/*!40101 SET COLLATION_CONNECTION=@OLD_COLLATION_CONNECTION */;
/*M!100616 SET NOTE_VERBOSITY=@OLD_NOTE_VERBOSITY */;

-- Dump completed on 2024-11-29 13:14:25
